"","prop_conif","prop_latif","prop_Abies","prop_Pinus","prop_Salix","prop_Arbutus","prop_Quercus","prop_Alnus","prop_Juniperus","prop_Prunus","total_mean_DAP","total_mean_Altura","total_mean_CopaNS","total_mean_distanciacopas","total_mean_diamcopa","total_mean_coberturacopa","total_mean_areabasal","mean_DAP_Abies","mean_DAP_Pinus","mean_DAP_Salix","mean_DAP_Arbutus","mean_DAP_Quercus","mean_DAP_Alnus","mean_DAP_Juniperus","mean_DAP_Prunus","mean_Altura_Abies","mean_Altura_Pinus","mean_Altura_Salix","mean_Altura_Arbutus","mean_Altura_Quercus","mean_Altura_Alnus","mean_Altura_Juniperus","mean_Altura_Prunus","mean_CopaNS_Abies","mean_CopaNS_Pinus","mean_CopaNS_Salix","mean_CopaNS_Arbutus","mean_CopaNS_Quercus","mean_CopaNS_Alnus","mean_CopaNS_Juniperus","mean_CopaNS_Prunus","mean_distanciacopas_Abies","mean_distanciacopas_Pinus","mean_distanciacopas_Salix","mean_distanciacopas_Arbutus","mean_distanciacopas_Quercus","mean_distanciacopas_Alnus","mean_distanciacopas_Juniperus","mean_distanciacopas_Prunus","mean_diamcopa_Abies","mean_diamcopa_Pinus","mean_diamcopa_Salix","mean_diamcopa_Arbutus","mean_diamcopa_Quercus","mean_diamcopa_Alnus","mean_diamcopa_Juniperus","mean_diamcopa_Prunus","mean_coberturacopa_Abies","mean_coberturacopa_Pinus","mean_coberturacopa_Salix","mean_coberturacopa_Arbutus","mean_coberturacopa_Quercus","mean_coberturacopa_Alnus","mean_coberturacopa_Juniperus","mean_coberturacopa_Prunus","mean_areabasal_Abies","mean_areabasal_Pinus","mean_areabasal_Salix","mean_areabasal_Arbutus","mean_areabasal_Quercus","mean_areabasal_Alnus","mean_areabasal_Juniperus","mean_areabasal_Prunus"
"prop_conif",1,NA,NA,NA,NA,NA,NA,NA,NA,NA,NA,NA,NA,NA,NA,NA,NA,NA,NA,NA,NA,NA,NA,NA,NA,NA,NA,NA,NA,NA,NA,NA,NA,NA,NA,NA,NA,NA,NA,NA,NA,NA,NA,NA,NA,NA,NA,NA,NA,NA,NA,NA,NA,NA,NA,NA,NA,NA,NA,NA,NA,NA,NA,NA,NA,NA,NA,NA,NA,NA,NA,NA,NA
"prop_latif",-0.692449145777952,1,NA,NA,NA,NA,NA,NA,NA,NA,NA,NA,NA,NA,NA,NA,NA,NA,NA,NA,NA,NA,NA,NA,NA,NA,NA,NA,NA,NA,NA,NA,NA,NA,NA,NA,NA,NA,NA,NA,NA,NA,NA,NA,NA,NA,NA,NA,NA,NA,NA,NA,NA,NA,NA,NA,NA,NA,NA,NA,NA,NA,NA,NA,NA,NA,NA,NA,NA,NA,NA,NA,NA
"prop_Abies",0.521177600254022,-0.572015622314995,1,NA,NA,NA,NA,NA,NA,NA,NA,NA,NA,NA,NA,NA,NA,NA,NA,NA,NA,NA,NA,NA,NA,NA,NA,NA,NA,NA,NA,NA,NA,NA,NA,NA,NA,NA,NA,NA,NA,NA,NA,NA,NA,NA,NA,NA,NA,NA,NA,NA,NA,NA,NA,NA,NA,NA,NA,NA,NA,NA,NA,NA,NA,NA,NA,NA,NA,NA,NA,NA,NA
"prop_Pinus",0.766323418703169,-0.603638820571262,0.24092729369029,1,NA,NA,NA,NA,NA,NA,NA,NA,NA,NA,NA,NA,NA,NA,NA,NA,NA,NA,NA,NA,NA,NA,NA,NA,NA,NA,NA,NA,NA,NA,NA,NA,NA,NA,NA,NA,NA,NA,NA,NA,NA,NA,NA,NA,NA,NA,NA,NA,NA,NA,NA,NA,NA,NA,NA,NA,NA,NA,NA,NA,NA,NA,NA,NA,NA,NA,NA,NA,NA
"prop_Salix",0.26195876992188,0.0140169797095626,0.245957567497363,0.281973992810556,1,NA,NA,NA,NA,NA,NA,NA,NA,NA,NA,NA,NA,NA,NA,NA,NA,NA,NA,NA,NA,NA,NA,NA,NA,NA,NA,NA,NA,NA,NA,NA,NA,NA,NA,NA,NA,NA,NA,NA,NA,NA,NA,NA,NA,NA,NA,NA,NA,NA,NA,NA,NA,NA,NA,NA,NA,NA,NA,NA,NA,NA,NA,NA,NA,NA,NA,NA,NA
"prop_Arbutus",-0.264066239517864,0.407891923980214,-0.463171763857167,-0.283220054157212,-0.268312385817805,1,NA,NA,NA,NA,NA,NA,NA,NA,NA,NA,NA,NA,NA,NA,NA,NA,NA,NA,NA,NA,NA,NA,NA,NA,NA,NA,NA,NA,NA,NA,NA,NA,NA,NA,NA,NA,NA,NA,NA,NA,NA,NA,NA,NA,NA,NA,NA,NA,NA,NA,NA,NA,NA,NA,NA,NA,NA,NA,NA,NA,NA,NA,NA,NA,NA,NA,NA
"prop_Quercus",-0.768200106454893,0.938356771692178,-0.498863022824858,-0.704550537143722,-0.189310076844997,0.363738707658589,1,NA,NA,NA,NA,NA,NA,NA,NA,NA,NA,NA,NA,NA,NA,NA,NA,NA,NA,NA,NA,NA,NA,NA,NA,NA,NA,NA,NA,NA,NA,NA,NA,NA,NA,NA,NA,NA,NA,NA,NA,NA,NA,NA,NA,NA,NA,NA,NA,NA,NA,NA,NA,NA,NA,NA,NA,NA,NA,NA,NA,NA,NA,NA,NA,NA,NA
"prop_Alnus",0.0924542390175917,0.137966337371709,-0.0337750501412807,0.129834917305901,-0.0876573862001969,-0.265510059853887,0.0894323683678217,1,NA,NA,NA,NA,NA,NA,NA,NA,NA,NA,NA,NA,NA,NA,NA,NA,NA,NA,NA,NA,NA,NA,NA,NA,NA,NA,NA,NA,NA,NA,NA,NA,NA,NA,NA,NA,NA,NA,NA,NA,NA,NA,NA,NA,NA,NA,NA,NA,NA,NA,NA,NA,NA,NA,NA,NA,NA,NA,NA,NA,NA,NA,NA,NA,NA
"prop_Juniperus",0.30295273069435,0.134955361131095,-0.247754714112217,-0.0400923736121076,-0.143522692073166,0.47724401902063,0.060687557527297,-0.142023702881212,1,NA,NA,NA,NA,NA,NA,NA,NA,NA,NA,NA,NA,NA,NA,NA,NA,NA,NA,NA,NA,NA,NA,NA,NA,NA,NA,NA,NA,NA,NA,NA,NA,NA,NA,NA,NA,NA,NA,NA,NA,NA,NA,NA,NA,NA,NA,NA,NA,NA,NA,NA,NA,NA,NA,NA,NA,NA,NA,NA,NA,NA,NA,NA,NA
"prop_Prunus",-0.0895301149340243,0.0990589461239122,0.100302300236142,-0.0495448961823654,-0.0704941785540801,-0.213523518993569,0.0804613946781954,-0.0697579185925241,-0.114215637766727,1,NA,NA,NA,NA,NA,NA,NA,NA,NA,NA,NA,NA,NA,NA,NA,NA,NA,NA,NA,NA,NA,NA,NA,NA,NA,NA,NA,NA,NA,NA,NA,NA,NA,NA,NA,NA,NA,NA,NA,NA,NA,NA,NA,NA,NA,NA,NA,NA,NA,NA,NA,NA,NA,NA,NA,NA,NA,NA,NA,NA,NA,NA,NA
"total_mean_DAP",0.509214980083105,-0.574746516494805,0.147396566459109,0.547037157743378,0.362302656897363,-0.437665902470241,-0.646775195577761,-0.0329400400171515,-0.192499293386213,-0.0135343576359283,1,NA,NA,NA,NA,NA,NA,NA,NA,NA,NA,NA,NA,NA,NA,NA,NA,NA,NA,NA,NA,NA,NA,NA,NA,NA,NA,NA,NA,NA,NA,NA,NA,NA,NA,NA,NA,NA,NA,NA,NA,NA,NA,NA,NA,NA,NA,NA,NA,NA,NA,NA,NA,NA,NA,NA,NA,NA,NA,NA,NA,NA,NA
"total_mean_Altura",0.445109570280409,-0.504260824823737,0.345554067713924,0.464060496716467,0.29890454838626,-0.601302216788505,-0.538305705949767,0.075444842144432,-0.333146786196198,0.179217483147784,0.835355197822529,1,NA,NA,NA,NA,NA,NA,NA,NA,NA,NA,NA,NA,NA,NA,NA,NA,NA,NA,NA,NA,NA,NA,NA,NA,NA,NA,NA,NA,NA,NA,NA,NA,NA,NA,NA,NA,NA,NA,NA,NA,NA,NA,NA,NA,NA,NA,NA,NA,NA,NA,NA,NA,NA,NA,NA,NA,NA,NA,NA,NA,NA
"total_mean_CopaNS",0.33862894985973,-0.422449493531418,-0.110276370985908,0.444634381008488,0.203814010734054,-0.263667848046895,-0.511549364920007,0.00792597933846315,-0.12283808417743,0.00754781991701808,0.896103389525294,0.733136065031939,1,NA,NA,NA,NA,NA,NA,NA,NA,NA,NA,NA,NA,NA,NA,NA,NA,NA,NA,NA,NA,NA,NA,NA,NA,NA,NA,NA,NA,NA,NA,NA,NA,NA,NA,NA,NA,NA,NA,NA,NA,NA,NA,NA,NA,NA,NA,NA,NA,NA,NA,NA,NA,NA,NA,NA,NA,NA,NA,NA,NA
"total_mean_distanciacopas",0.333678253815983,-0.407719612659975,-0.119521197687077,0.443862939796272,0.244410384515391,-0.287633967955213,-0.51088628384173,-0.0192285531752874,-0.127294951517335,0.00339085643747802,0.906241116428971,0.722685291936655,0.988924061508268,1,NA,NA,NA,NA,NA,NA,NA,NA,NA,NA,NA,NA,NA,NA,NA,NA,NA,NA,NA,NA,NA,NA,NA,NA,NA,NA,NA,NA,NA,NA,NA,NA,NA,NA,NA,NA,NA,NA,NA,NA,NA,NA,NA,NA,NA,NA,NA,NA,NA,NA,NA,NA,NA,NA,NA,NA,NA,NA,NA
"total_mean_diamcopa",0.337628350488339,-0.414396489578096,-0.115886984819916,0.449294342042717,0.243632000557744,-0.290432518879682,-0.5168622889944,-0.0201107819945796,-0.128780529072062,0.00268945322725178,0.906782233084272,0.722453630197168,0.98926346666341,0.999846053841912,1,NA,NA,NA,NA,NA,NA,NA,NA,NA,NA,NA,NA,NA,NA,NA,NA,NA,NA,NA,NA,NA,NA,NA,NA,NA,NA,NA,NA,NA,NA,NA,NA,NA,NA,NA,NA,NA,NA,NA,NA,NA,NA,NA,NA,NA,NA,NA,NA,NA,NA,NA,NA,NA,NA,NA,NA,NA,NA
"total_mean_coberturacopa",0.358251416958186,-0.384654610098315,-0.173594171153904,0.481322085343523,0.280864441065611,-0.253948644944213,-0.514213221972291,0.0253850930064918,-0.0921148712110335,-0.0423756018770836,0.882334439251496,0.675208776422844,0.974553497619762,0.983066222192592,0.982574624850874,1,NA,NA,NA,NA,NA,NA,NA,NA,NA,NA,NA,NA,NA,NA,NA,NA,NA,NA,NA,NA,NA,NA,NA,NA,NA,NA,NA,NA,NA,NA,NA,NA,NA,NA,NA,NA,NA,NA,NA,NA,NA,NA,NA,NA,NA,NA,NA,NA,NA,NA,NA,NA,NA,NA,NA,NA,NA
"total_mean_areabasal",0.535298669450189,-0.593193140490884,0.226052219715782,0.517892248555394,0.395486387933199,-0.475162870258842,-0.670493225984038,0.0349514196004294,-0.23248727011132,-0.00442294438714917,0.968253677911093,0.80939675785356,0.821702833703501,0.831790373187783,0.831478905958355,0.826650382220959,1,NA,NA,NA,NA,NA,NA,NA,NA,NA,NA,NA,NA,NA,NA,NA,NA,NA,NA,NA,NA,NA,NA,NA,NA,NA,NA,NA,NA,NA,NA,NA,NA,NA,NA,NA,NA,NA,NA,NA,NA,NA,NA,NA,NA,NA,NA,NA,NA,NA,NA,NA,NA,NA,NA,NA,NA
"mean_DAP_Abies",0.243794779281291,-0.0909225432557682,0.621810058547849,0.0149059275996869,0.379588106699199,-0.359712716637544,-0.0453964670620284,0.191450090591493,-0.192413545529832,-0.00895022020888179,0.111427646138087,0.193235570108764,-0.165049843472441,-0.158270391660302,-0.15884031620883,-0.17921019073081,0.232517799367474,1,NA,NA,NA,NA,NA,NA,NA,NA,NA,NA,NA,NA,NA,NA,NA,NA,NA,NA,NA,NA,NA,NA,NA,NA,NA,NA,NA,NA,NA,NA,NA,NA,NA,NA,NA,NA,NA,NA,NA,NA,NA,NA,NA,NA,NA,NA,NA,NA,NA,NA,NA,NA,NA,NA,NA
"mean_DAP_Pinus",0.584164066671409,-0.326235038279391,0.0768342302387359,0.82077549014658,0.269432928736203,-0.218785074269637,-0.444366446502263,0.325402184256585,-0.153689154168012,-0.0397222620028859,0.523302645709773,0.494583074815395,0.456549703802176,0.472706595524671,0.474115488495601,0.50677557117094,0.515477993428191,0.0564468434443818,1,NA,NA,NA,NA,NA,NA,NA,NA,NA,NA,NA,NA,NA,NA,NA,NA,NA,NA,NA,NA,NA,NA,NA,NA,NA,NA,NA,NA,NA,NA,NA,NA,NA,NA,NA,NA,NA,NA,NA,NA,NA,NA,NA,NA,NA,NA,NA,NA,NA,NA,NA,NA,NA,NA
"mean_DAP_Salix",0.227157125440952,0.0426837124001708,0.323086709655192,0.22061983971094,0.933218208631272,-0.263932698270269,-0.0745303510164732,-0.0862265466896747,-0.141179958079184,-0.0693434956474894,0.258286006124906,0.226205895356778,0.0651065985170399,0.0924193790915227,0.0915902259855923,0.111372103157693,0.295107796915326,0.537370270324953,0.226228690457457,1,NA,NA,NA,NA,NA,NA,NA,NA,NA,NA,NA,NA,NA,NA,NA,NA,NA,NA,NA,NA,NA,NA,NA,NA,NA,NA,NA,NA,NA,NA,NA,NA,NA,NA,NA,NA,NA,NA,NA,NA,NA,NA,NA,NA,NA,NA,NA,NA,NA,NA,NA,NA,NA
"mean_DAP_Arbutus",-0.216671479257411,0.326731718651699,-0.392329358620704,-0.255607735107475,-0.227273841913974,0.791812791787994,0.30403415932662,-0.224900133424246,0.484684525371703,-0.180864965859655,-0.35385047742288,-0.523318077434522,-0.239145617252866,-0.245718004798815,-0.248089406781538,-0.229974139247647,-0.401090174645875,-0.304694436100468,-0.287882085904818,-0.223564030261868,1,NA,NA,NA,NA,NA,NA,NA,NA,NA,NA,NA,NA,NA,NA,NA,NA,NA,NA,NA,NA,NA,NA,NA,NA,NA,NA,NA,NA,NA,NA,NA,NA,NA,NA,NA,NA,NA,NA,NA,NA,NA,NA,NA,NA,NA,NA,NA,NA,NA,NA,NA,NA
"mean_DAP_Quercus",-0.484942989014236,0.770741471520815,-0.461634915980137,-0.434316268058316,-0.176932877296353,0.392721277234912,0.761544920164919,-0.00890854490588024,0.340985105583008,0.317678621662347,-0.403390120019178,-0.332356305288708,-0.261746820141376,-0.268610910088195,-0.273804913655878,-0.305445203925201,-0.498096113145787,-0.170271777450121,-0.295692836911809,-0.0896979910181433,0.31911582580168,1,NA,NA,NA,NA,NA,NA,NA,NA,NA,NA,NA,NA,NA,NA,NA,NA,NA,NA,NA,NA,NA,NA,NA,NA,NA,NA,NA,NA,NA,NA,NA,NA,NA,NA,NA,NA,NA,NA,NA,NA,NA,NA,NA,NA,NA,NA,NA,NA,NA,NA,NA
"mean_DAP_Alnus",0.0752409869063379,0.135903111823077,0.0751251475446592,0.0160480983724811,-0.0847251572749811,-0.256628477694212,0.123381250954044,0.852417462434354,-0.137272865242688,-0.0674244451052735,0.00142753828865194,0.107327403391352,-0.0411936255091563,-0.0712165705141209,-0.0720918603305595,-0.0463428019666378,0.0930050370955449,0.468326671062528,0.147835259400334,-0.0833421808046654,-0.217376994700883,-0.0145744966741599,1,NA,NA,NA,NA,NA,NA,NA,NA,NA,NA,NA,NA,NA,NA,NA,NA,NA,NA,NA,NA,NA,NA,NA,NA,NA,NA,NA,NA,NA,NA,NA,NA,NA,NA,NA,NA,NA,NA,NA,NA,NA,NA,NA,NA,NA,NA,NA,NA,NA,NA
"mean_DAP_Juniperus",0.237319995899432,0.14207106669993,-0.232098766240008,-0.0772547213058648,-0.134453303449711,0.487562561426398,0.0721319881229681,-0.133049037366193,0.868800429593842,-0.106998200643585,-0.150437352963851,-0.317041604520741,-0.0370305764027059,-0.0425965270361858,-0.043955353451712,-0.0164343371051584,-0.208278937811057,-0.180254679251479,-0.154831538536878,-0.132258609913485,0.402665555915725,0.356097890251857,-0.128598411437806,1,NA,NA,NA,NA,NA,NA,NA,NA,NA,NA,NA,NA,NA,NA,NA,NA,NA,NA,NA,NA,NA,NA,NA,NA,NA,NA,NA,NA,NA,NA,NA,NA,NA,NA,NA,NA,NA,NA,NA,NA,NA,NA,NA,NA,NA,NA,NA,NA,NA
"mean_DAP_Prunus",-0.0819166084734987,0.098124628662722,0.110150631323272,-0.043350485059445,-0.0709543429748593,-0.214917335170391,0.0802653172585308,-0.0702132769336284,-0.114961202491005,0.999489859060878,-0.0142862881480424,0.18289018089587,0.00591890292413274,0.00232982506253661,0.00162337875933535,-0.043630767613834,-0.00588030061091975,-0.00546535587785268,-0.0337841167697935,-0.0697961487624548,-0.182045596997731,0.314255317792447,-0.0678645712456813,-0.107696652147432,1,NA,NA,NA,NA,NA,NA,NA,NA,NA,NA,NA,NA,NA,NA,NA,NA,NA,NA,NA,NA,NA,NA,NA,NA,NA,NA,NA,NA,NA,NA,NA,NA,NA,NA,NA,NA,NA,NA,NA,NA,NA,NA,NA,NA,NA,NA,NA,NA
"mean_Altura_Abies",0.328009619122876,-0.180482286947115,0.757183679381392,0.0938289542486212,0.422717447242903,-0.411149611631745,-0.130915647912971,0.135480955372049,-0.219927600160413,0.0450543842624975,0.124902366897768,0.25596397824123,-0.166143934421224,-0.162663738361449,-0.162434177476986,-0.192819580007364,0.232290712602007,0.974170308117052,0.0854523628340047,0.578081362589565,-0.348264026471134,-0.219898266137711,0.37832110160088,-0.20603008440129,0.0516879947086288,1,NA,NA,NA,NA,NA,NA,NA,NA,NA,NA,NA,NA,NA,NA,NA,NA,NA,NA,NA,NA,NA,NA,NA,NA,NA,NA,NA,NA,NA,NA,NA,NA,NA,NA,NA,NA,NA,NA,NA,NA,NA,NA,NA,NA,NA,NA,NA
"mean_Altura_Pinus",0.598421876903044,-0.312557699168127,0.0943446739474265,0.828053661364607,0.235984272775637,-0.249105007336907,-0.42351096225446,0.380641514863162,-0.151910920243386,0.0144917042721575,0.526427448312371,0.54312850816542,0.481697788102293,0.48396890727847,0.485054252940815,0.517065938199853,0.508449868297978,0.012057864502972,0.971745302961244,0.180508641680961,-0.288206832657356,-0.2538448330118,0.201530579675139,-0.167525692121056,0.0230312949040922,0.0598791611593975,1,NA,NA,NA,NA,NA,NA,NA,NA,NA,NA,NA,NA,NA,NA,NA,NA,NA,NA,NA,NA,NA,NA,NA,NA,NA,NA,NA,NA,NA,NA,NA,NA,NA,NA,NA,NA,NA,NA,NA,NA,NA,NA,NA,NA,NA,NA
"mean_Altura_Salix",0.233784505013678,0.0327657124088165,0.219528842683175,0.268575806677584,0.953671261414386,-0.267025688681616,-0.146012817335873,-0.0872370235417759,-0.142834426280642,-0.0701561223835193,0.331901876321508,0.243181931886079,0.165584488428878,0.215066948012013,0.21428021469302,0.2486564758814,0.376049536654837,0.474240267089609,0.312607137544549,0.941517959760177,-0.226183945893594,-0.162946132504627,-0.0843188561759965,-0.133808530082382,-0.0706140800770892,0.484843287542046,0.247188508167345,1,NA,NA,NA,NA,NA,NA,NA,NA,NA,NA,NA,NA,NA,NA,NA,NA,NA,NA,NA,NA,NA,NA,NA,NA,NA,NA,NA,NA,NA,NA,NA,NA,NA,NA,NA,NA,NA,NA,NA,NA,NA,NA,NA,NA,NA
"mean_Altura_Arbutus",-0.207980358551661,0.363838874897969,-0.422040339398972,-0.292188446462967,-0.244485219548952,0.874632411838888,0.337161130857205,-0.24193175085071,0.510426063385171,-0.194561813689271,-0.418073638183065,-0.540165724116218,-0.277200530675616,-0.291055678007806,-0.293618129270181,-0.2602736720566,-0.449598564370172,-0.327768851347017,-0.236317220541431,-0.240494465009791,0.929759227018593,0.290563862661582,-0.233838887162619,0.411879504358451,-0.195831853657655,-0.374637953297879,-0.259093340421984,-0.243312786040616,1,NA,NA,NA,NA,NA,NA,NA,NA,NA,NA,NA,NA,NA,NA,NA,NA,NA,NA,NA,NA,NA,NA,NA,NA,NA,NA,NA,NA,NA,NA,NA,NA,NA,NA,NA,NA,NA,NA,NA,NA,NA,NA,NA,NA
"mean_Altura_Quercus",-0.420913098226024,0.684841792593386,-0.283224931983692,-0.364891075793897,-0.143374179539604,0.123642979997933,0.689264690782368,0.101407590925806,0.115739939734248,0.434046569685898,-0.315191157540634,0.000341251091843841,-0.197196306354342,-0.211696683805161,-0.21629746487683,-0.265872358908385,-0.397464030717789,-0.0767901530932139,-0.168922220344544,-0.0707048241061005,0.0685031769120549,0.844006698262017,0.105880279084841,0.112989720153783,0.437323513980277,-0.0898629086851031,-0.0991936715588919,-0.146955587475366,0.0995590424926493,1,NA,NA,NA,NA,NA,NA,NA,NA,NA,NA,NA,NA,NA,NA,NA,NA,NA,NA,NA,NA,NA,NA,NA,NA,NA,NA,NA,NA,NA,NA,NA,NA,NA,NA,NA,NA,NA,NA,NA,NA,NA,NA,NA
"mean_Altura_Alnus",0.0688607960551151,0.131272944526285,0.0942695973926279,-0.00759734033645787,-0.0814180958166624,-0.246611545592982,0.125518414924168,0.797448834433375,-0.131914718778071,-0.0647926791584427,0.00597494195885232,0.107113933697302,-0.0513066834863024,-0.0802713756333843,-0.0811175760346444,-0.0593701613007421,0.0998134104737705,0.5080767143708,0.107765830533527,-0.0800891008121809,-0.208892158505569,-0.0166859325047032,0.99515113037213,-0.1235788533308,-0.0652156259362792,0.414228416309393,0.157940438043357,-0.0810276537936375,-0.224711496950975,0.100920511030813,1,NA,NA,NA,NA,NA,NA,NA,NA,NA,NA,NA,NA,NA,NA,NA,NA,NA,NA,NA,NA,NA,NA,NA,NA,NA,NA,NA,NA,NA,NA,NA,NA,NA,NA,NA,NA,NA,NA,NA,NA,NA,NA
"mean_Altura_Juniperus",0.295455433778551,0.11974991432948,-0.233135909278059,-0.0115316065562288,-0.135054113655965,0.49751974890768,0.0238324109663795,-0.133643572550758,0.93789532312291,-0.1074763265754,-0.188110450747667,-0.298866972088202,-0.141061839539088,-0.139780784064793,-0.141187281142665,-0.110848673846877,-0.23326073565121,-0.181060154819878,-0.102360836086441,-0.132849613039939,0.422673126368135,0.320763782700002,-0.129173058814385,0.868330089924577,-0.108177899138985,-0.206950738444944,-0.121772187498609,-0.134406459091893,0.475101975075716,0.135363216512411,-0.124131070602174,1,NA,NA,NA,NA,NA,NA,NA,NA,NA,NA,NA,NA,NA,NA,NA,NA,NA,NA,NA,NA,NA,NA,NA,NA,NA,NA,NA,NA,NA,NA,NA,NA,NA,NA,NA,NA,NA,NA,NA,NA,NA
"mean_Altura_Prunus",-0.0636904248358577,0.0955337790931975,0.132857776287383,-0.0286151986961148,-0.0717507070339028,-0.217329484085021,0.0794816370900716,-0.0710013235545015,-0.116251482493748,0.994271471185664,-0.0159963730491622,0.190787998320725,0.00206606932338833,-0.000173669155695798,-0.000889129250392336,-0.0464057859712399,-0.00928240516405657,0.00274835741706315,-0.0196896936657828,-0.0705795136983231,-0.184088806257064,0.304944584250255,-0.0686262569037616,-0.108905397651283,0.997177897807114,0.0670735144534762,0.0430123648043434,-0.0714066251571802,-0.198029794521177,0.443267903770473,-0.0659475808583631,-0.109392045972642,1,NA,NA,NA,NA,NA,NA,NA,NA,NA,NA,NA,NA,NA,NA,NA,NA,NA,NA,NA,NA,NA,NA,NA,NA,NA,NA,NA,NA,NA,NA,NA,NA,NA,NA,NA,NA,NA,NA,NA,NA
"mean_CopaNS_Abies",0.425042383019387,-0.346908860224677,0.884508196261213,0.175618654216164,0.423314304988586,-0.450928089081737,-0.28453980821917,0.0187001971009512,-0.241205463099141,0.072888660821731,0.150338862568662,0.294295018621495,-0.143827669077723,-0.140464356347428,-0.138506055469159,-0.183685849359267,0.248201591379926,0.873716159670986,0.12587257323029,0.582766434709274,-0.381958361408347,-0.319252021255167,0.170290140951889,-0.225963371055388,0.0812895146162805,0.947044639947042,0.102497262180399,0.487236811028142,-0.410883949780829,-0.1760284656843,0.194824624370687,-0.226973097823613,0.100710189131587,1,NA,NA,NA,NA,NA,NA,NA,NA,NA,NA,NA,NA,NA,NA,NA,NA,NA,NA,NA,NA,NA,NA,NA,NA,NA,NA,NA,NA,NA,NA,NA,NA,NA,NA,NA,NA,NA,NA,NA
"mean_CopaNS_Pinus",0.578505347767583,-0.31550436333433,0.0385482117657124,0.820094846678117,0.274415400319424,-0.240702816092598,-0.456350689714892,0.452270644440095,-0.135108593940735,-0.0720468472686626,0.500870573955475,0.473678408495793,0.474083876515466,0.478993929958486,0.480583322070442,0.530798227434007,0.499007182236157,0.00357095526032809,0.970593975056145,0.215944642194933,-0.299993261144209,-0.307764527866627,0.218055552663579,-0.136667367078942,-0.067849232163407,0.0315295626007665,0.954689082933123,0.287357705645014,-0.258236237082589,-0.188074708398772,0.16591916724182,-0.076367041191083,-0.0577092207708695,0.0645627261446348,1,NA,NA,NA,NA,NA,NA,NA,NA,NA,NA,NA,NA,NA,NA,NA,NA,NA,NA,NA,NA,NA,NA,NA,NA,NA,NA,NA,NA,NA,NA,NA,NA,NA,NA,NA,NA,NA,NA
"mean_CopaNS_Salix",0.264783421112915,0.00642001644424621,0.273047890165329,0.267535108768527,0.981528807520741,-0.258368448781692,-0.187861403764887,-0.0844087119861152,-0.138203591320962,-0.0678815907273283,0.347611075162076,0.31171106580468,0.192861876383064,0.222621196559135,0.221866200223796,0.255890525354928,0.372507605711415,0.332757564719852,0.218870002970698,0.907723892163197,-0.218850836143816,-0.1610253230995,-0.0815851545250173,-0.12947032370494,-0.068324700974434,0.397117688709005,0.206881474305361,0.882530955564416,-0.235424342161405,-0.119330986792284,-0.0784006562156783,-0.130048867257929,-0.0690915509503434,0.397312753419038,0.24198035018617,1,NA,NA,NA,NA,NA,NA,NA,NA,NA,NA,NA,NA,NA,NA,NA,NA,NA,NA,NA,NA,NA,NA,NA,NA,NA,NA,NA,NA,NA,NA,NA,NA,NA,NA,NA,NA,NA
"mean_CopaNS_Arbutus",-0.247725419994097,0.363685085495041,-0.411345673111418,-0.314896926661573,-0.238289869030944,0.830397644853216,0.352633023117963,-0.235801106222292,0.472451687701232,-0.189631541685719,-0.41147961208242,-0.586662006169681,-0.242941477413999,-0.256193521226272,-0.258679250501483,-0.229119389831784,-0.437780848796008,-0.319463061218985,-0.306542362749073,-0.234400241763392,0.943031895207319,0.281593664798789,-0.227913318846522,0.426335911172847,-0.190869398347519,-0.365144481903939,-0.314912087705107,-0.237147145443546,0.926837262613967,0.0263977233846671,-0.219017220251525,0.39181915394852,-0.193011642535012,-0.400471990743748,-0.320312217639679,-0.229458597799222,1,NA,NA,NA,NA,NA,NA,NA,NA,NA,NA,NA,NA,NA,NA,NA,NA,NA,NA,NA,NA,NA,NA,NA,NA,NA,NA,NA,NA,NA,NA,NA,NA,NA,NA,NA,NA
"mean_CopaNS_Quercus",-0.425825789062389,0.751753896542374,-0.505082521911239,-0.416933838421678,-0.224912537961703,0.540271006824395,0.716410557196913,0.0465902794187853,0.473575485610351,0.170866626224095,-0.435832687386915,-0.401353042138464,-0.236193836262899,-0.25262124217887,-0.257746011075825,-0.276351318765392,-0.5318085097438,-0.210898690891103,-0.290352959575452,-0.151785400900873,0.436566242707457,0.953159639233374,0.0237617942841744,0.50279047882591,0.168202872619453,-0.271408839774703,-0.257645926237477,-0.215151521531622,0.426026627376914,0.772955064735332,0.0177338089642458,0.465125925933447,0.161264900894021,-0.378810582379713,-0.278461535901415,-0.207343278045745,0.411098630234296,1,NA,NA,NA,NA,NA,NA,NA,NA,NA,NA,NA,NA,NA,NA,NA,NA,NA,NA,NA,NA,NA,NA,NA,NA,NA,NA,NA,NA,NA,NA,NA,NA,NA,NA,NA
"mean_CopaNS_Alnus",0.0828195070724325,0.139919558548798,0.0482387724407903,0.0477565568019295,-0.0878280491592375,-0.266026989851848,0.118788925410808,0.912150036479544,-0.142300213354982,-0.0698937325075811,-0.00389522410683787,0.107038398912852,-0.0263438059289785,-0.057553884580528,-0.0584542519280077,-0.0280073959021863,0.0830135426585791,0.407573818640502,0.199351294791715,-0.086394423901668,-0.225337998662107,-0.0109792937254817,0.991419192159642,-0.133308074777628,-0.0703499774003531,0.324147129982121,0.257466955110732,-0.0874068680833588,-0.242402775487376,0.111755171094983,0.973766742152706,-0.133903767481693,-0.0711395582943093,0.134666252722926,0.284150700322104,-0.0845730499977854,-0.236260194911533,0.0317497908973891,1,NA,NA,NA,NA,NA,NA,NA,NA,NA,NA,NA,NA,NA,NA,NA,NA,NA,NA,NA,NA,NA,NA,NA,NA,NA,NA,NA,NA,NA,NA,NA,NA,NA,NA
"mean_CopaNS_Juniperus",0.208871094619122,0.160295388395377,-0.231271930772547,-0.129852229903223,-0.13397432304921,0.42744611271319,0.110513258007279,-0.132575059564466,0.842798310369496,-0.10661702710837,-0.155598111433739,-0.323754607914002,-0.0267233605758226,-0.0378813875213561,-0.0392334160687881,-0.0104810048026463,-0.207931480351276,-0.179612534683477,-0.189882685086818,-0.13178744795375,0.337623862107143,0.342896967124463,-0.128140288676714,0.965138484085909,-0.107312990428049,-0.205296116772307,-0.196700712116292,-0.133331846641477,0.355912022492472,0.102289508768018,-0.123138612391059,0.786288936259269,-0.108517429861385,-0.225158392500084,-0.171917884353843,-0.129009094817957,0.385029518068087,0.463700160968856,-0.132833174173412,1,NA,NA,NA,NA,NA,NA,NA,NA,NA,NA,NA,NA,NA,NA,NA,NA,NA,NA,NA,NA,NA,NA,NA,NA,NA,NA,NA,NA,NA,NA,NA,NA,NA
"mean_CopaNS_Prunus",-0.00980668992881363,0.0851800360977095,0.193377965824268,0.0142353905256732,-0.0717830754978975,-0.217427526625247,0.0747739405480029,-0.0710333539536439,-0.116303926324353,0.948436746122156,-0.020367539253679,0.207333493223062,-0.00896934259731665,-0.00729702514581926,-0.00801586302865829,-0.0528620130703882,-0.0186808072508002,0.0260515031811184,0.0210579579361146,-0.0706113538089274,-0.184171853130656,0.268931873148755,-0.0686572158534013,-0.10895452748691,0.958076114090979,0.108794603887509,0.0985689992654548,-0.0714388383975917,-0.198119130508776,0.446385280400875,-0.0659773313930239,-0.109441395346993,0.976882319610926,0.152873582597748,-0.0270374131589711,-0.0691227198052818,-0.193098714713952,0.136484844755418,-0.0711716510544566,-0.108566384675442,1,NA,NA,NA,NA,NA,NA,NA,NA,NA,NA,NA,NA,NA,NA,NA,NA,NA,NA,NA,NA,NA,NA,NA,NA,NA,NA,NA,NA,NA,NA,NA,NA
"mean_distanciacopas_Abies",0.398468119934755,-0.299472306704275,0.86656272221128,0.130102736349957,0.396818913421552,-0.441770136719305,-0.239976363381415,0.0644255941784728,-0.23630679257028,0.0818445811066576,0.143173595415427,0.298308664550715,-0.152176175994916,-0.147281539262071,-0.147082839247405,-0.187690938240205,0.252239555978492,0.911649983628304,0.101532278197748,0.547218990632567,-0.374201123474172,-0.291270652519214,0.25366668546998,-0.221374253992413,0.0905751513725455,0.971418782680644,0.0841537168504534,0.455621340618544,-0.402539258621218,-0.141833960193706,0.282972927352292,-0.22236347409923,0.110733537568185,0.989197971286209,0.0407768159674726,0.373455259442773,-0.392338757302496,-0.347437295224269,0.2103213026274,-0.220585623842633,0.164685320375774,1,NA,NA,NA,NA,NA,NA,NA,NA,NA,NA,NA,NA,NA,NA,NA,NA,NA,NA,NA,NA,NA,NA,NA,NA,NA,NA,NA,NA,NA,NA,NA
"mean_distanciacopas_Pinus",0.580912823926113,-0.311607399943984,0.056550333813235,0.819670478811397,0.311172267399811,-0.24007042504727,-0.456888768962467,0.413998151568254,-0.133118901516836,-0.0629885860967984,0.495215121266842,0.458923583793048,0.45610037188302,0.468254014559446,0.469795706358698,0.520534356352471,0.498636861628891,0.0418198116088451,0.973861665303716,0.260080200250647,-0.298171205836572,-0.314221054924955,0.183796860466785,-0.13499422580194,-0.0583029059689523,0.0691256742375268,0.941835181097429,0.337216962293859,-0.253854626131957,-0.198112794740899,0.134285194639624,-0.0747782776432692,-0.0470540073920725,0.104027835996273,0.995108159160659,0.269615607919129,-0.317428433330575,-0.286382240439168,0.246644195917317,-0.171386950040657,-0.013556563236462,0.0784986194377167,1,NA,NA,NA,NA,NA,NA,NA,NA,NA,NA,NA,NA,NA,NA,NA,NA,NA,NA,NA,NA,NA,NA,NA,NA,NA,NA,NA,NA,NA,NA
"mean_distanciacopas_Salix",0.23359244182837,0.032852962129022,0.21936737042245,0.268442139186179,0.953228376120925,-0.266959954799681,-0.145754187046114,-0.0872155483487556,-0.142799264639979,-0.0701388520066934,0.331665738387147,0.242849710808967,0.165341672328221,0.214853415398191,0.21406680687633,0.248418868061642,0.37585667403268,0.47461492424193,0.312737150895543,0.941361552899335,-0.226128266049201,-0.162828509763534,-0.0842980993500743,-0.133775590352269,-0.0705966969645295,0.485059795389621,0.247178099272844,0.999998920025241,-0.243252889578857,-0.146927909883287,-0.0810077071650783,-0.13437337216922,-0.071389046943299,0.487462073331466,0.287346238092459,0.881850911140333,-0.237088766781415,-0.215044993187341,-0.0873853510796008,-0.133299024256827,-0.0714212522537568,0.455827561819957,0.337258367015482,1,NA,NA,NA,NA,NA,NA,NA,NA,NA,NA,NA,NA,NA,NA,NA,NA,NA,NA,NA,NA,NA,NA,NA,NA,NA,NA,NA,NA,NA
"mean_distanciacopas_Arbutus",-0.249171153164824,0.365718820889342,-0.413416384562798,-0.32248292428401,-0.239489418686633,0.83644662519721,0.354621229919827,-0.236988127462139,0.478503777332029,-0.190586145637041,-0.407318971542645,-0.583092688090351,-0.235143358835595,-0.247183652467805,-0.249677477625414,-0.222677678179604,-0.436322361587877,-0.321071236197842,-0.30817917489955,-0.235580211060636,0.930338618028339,0.290107227180598,-0.229060633015862,0.441166298934841,-0.191830233661251,-0.366982616858336,-0.315707216163964,-0.238340942636105,0.918309515326816,0.0339303824664433,-0.220119751518218,0.403165312691608,-0.193983261892093,-0.40248796414859,-0.32235539461542,-0.230613690892791,0.995771391721677,0.419188681271547,-0.237449527200865,0.396754167161001,-0.194070772391817,-0.394313788062929,-0.320373834664925,-0.238282270096168,1,NA,NA,NA,NA,NA,NA,NA,NA,NA,NA,NA,NA,NA,NA,NA,NA,NA,NA,NA,NA,NA,NA,NA,NA,NA,NA,NA,NA
"mean_distanciacopas_Quercus",-0.430026784664355,0.750903432441425,-0.510868333250767,-0.419416330779752,-0.226753039411413,0.52285401152368,0.721805248209878,0.0291268812642137,0.473128564452725,0.149033956025191,-0.436026925785269,-0.414462366436917,-0.252698976114943,-0.255150638029575,-0.260294421898763,-0.283182605170816,-0.539591997364459,-0.223010538433169,-0.290539535080246,-0.153375928440463,0.444446682830519,0.952318293767282,-0.00151433524199879,0.502822512327221,0.146923345009958,-0.2821883640525,-0.261478082262078,-0.216513204875741,0.419108444251584,0.760655991268721,-0.00783566275511192,0.467295856461718,0.141371194888811,-0.385945527360406,-0.284514150970801,-0.209404121040551,0.40752463281956,0.990930247077367,0.00710612258823299,0.456213899674735,0.121157065036503,-0.35598939275202,-0.290159500577635,-0.216404046172527,0.416422747552673,1,NA,NA,NA,NA,NA,NA,NA,NA,NA,NA,NA,NA,NA,NA,NA,NA,NA,NA,NA,NA,NA,NA,NA,NA,NA,NA,NA
"mean_distanciacopas_Alnus",0.0873056782651198,0.139747759006574,0.0347662310517319,0.0643984592584101,-0.0883103671914368,-0.267487908265561,0.117221047438631,0.924886302387933,-0.143081671665213,-0.0702775621365986,0.000803029169119164,0.11568886507116,-0.0133198399334838,-0.0468942543466141,-0.0477948589180109,-0.0178430334761111,0.0827807545333152,0.373702364848237,0.222317590377089,-0.0868688690126335,-0.226575468708804,-0.00436939708518492,0.982072698983513,-0.134040151704287,-0.0707363125517063,0.294394791806328,0.286738976244057,-0.0878868731502848,-0.243733958757321,0.121244992702655,0.959716344321145,-0.134639115724698,-0.0715302295217417,0.116002938442332,0.308553755750978,-0.0850374928203519,-0.23755764547986,0.0376472578984234,0.99734594335432,-0.133562643127709,-0.0715624985230451,0.187079106934463,0.267544993474729,-0.0878652379833772,-0.238753509126941,0.0121551369965222,1,NA,NA,NA,NA,NA,NA,NA,NA,NA,NA,NA,NA,NA,NA,NA,NA,NA,NA,NA,NA,NA,NA,NA,NA,NA,NA
"mean_distanciacopas_Juniperus",0.22573508235694,0.150554876001024,-0.23248458883602,-0.0972192636441592,-0.13467680796643,0.465359827132809,0.0899029492126613,-0.133270207542257,0.860898525978336,-0.107176065973116,-0.150700948091596,-0.320491125189801,-0.0279409074390811,-0.0392076152340854,-0.0405672166519903,-0.0107191412134189,-0.205588234670129,-0.180554320345737,-0.171858311614318,-0.13247846614559,0.37926363539744,0.357888816351628,-0.128812183246022,0.98764403129447,-0.107875678527393,-0.206372572486462,-0.179426133105516,-0.13403096277895,0.389352387136441,0.110990043456619,-0.123784281023401,0.821471297263264,-0.109086433353981,-0.226338994656653,-0.154597960649518,-0.129685544911013,0.408202733636634,0.493542650203066,-0.133529675556957,0.991017508642177,-0.109135644859153,-0.221742249009143,-0.153306531760663,-0.133997968292441,0.419539129445531,0.487235965931872,-0.134262969430285,1,NA,NA,NA,NA,NA,NA,NA,NA,NA,NA,NA,NA,NA,NA,NA,NA,NA,NA,NA,NA,NA,NA,NA,NA,NA
"mean_distanciacopas_Prunus",-0.021484320483368,0.0877509743866324,0.181064696906576,0.00503537589980573,-0.072057961290269,-0.218260142635709,0.0760844455670595,-0.0713053687656441,-0.116749300066308,0.96206156457195,-0.0195033274742694,0.204573750596374,-0.00662086628875874,-0.00578700312520319,-0.00650793412107914,-0.0516750182290812,-0.0167240671482941,0.0211202210400106,0.0123389778382999,-0.0708817526154366,-0.18487712001187,0.277766816475362,-0.0689201314926516,-0.109371757473407,0.970284439688591,0.100209880918228,0.0869555843782513,-0.0717124059699312,-0.198877807032401,0.447464777564152,-0.066229984694554,-0.109860489743124,0.985711857337089,0.142206365602209,-0.0337688277525584,-0.0693874180433101,-0.193838166079498,0.142373393121261,-0.071444195460764,-0.10898212830957,0.998933276629852,0.153678185774145,-0.0208453910908212,-0.0716947524817947,-0.194813946150744,0.125999164346413,-0.071836539638923,-0.109553568415716,1,NA,NA,NA,NA,NA,NA,NA,NA,NA,NA,NA,NA,NA,NA,NA,NA,NA,NA,NA,NA,NA,NA,NA,NA
"mean_diamcopa_Abies",0.416582617787399,-0.33261745973936,0.881248355470633,0.157524758535553,0.389782710936639,-0.453562378475785,-0.269468968645022,0.0593640329475549,-0.24261456802876,0.0776001194738826,0.143117156067291,0.293582783566295,-0.151760078971047,-0.149575739054694,-0.147720672454181,-0.191512908154377,0.247138992885903,0.903619464576595,0.107385591293092,0.539389037466026,-0.384189734624584,-0.316828575974189,0.247665909177558,-0.227283432781919,0.0862555117409012,0.967331461937882,0.0883504241282904,0.448267286648583,-0.413284304199416,-0.165206030216753,0.276979295670307,-0.228299058301145,0.106254550366598,0.994240774275019,0.0479594659582204,0.366729966379977,-0.402811519248122,-0.372335294854438,0.204405613854645,-0.226473751599917,0.159892123712721,0.995526562677568,0.0852320469148823,0.448473474196801,-0.404839269824286,-0.380934045526029,0.181272235288849,-0.227661250749188,0.148934037817409,1,NA,NA,NA,NA,NA,NA,NA,NA,NA,NA,NA,NA,NA,NA,NA,NA,NA,NA,NA,NA,NA,NA,NA
"mean_diamcopa_Pinus",0.580880230560039,-0.311520271824358,0.0564789875631178,0.819615309631793,0.311110818261495,-0.239956403236873,-0.456791991761875,0.41396253373145,-0.133008890083654,-0.0629742975085782,0.495213856842492,0.458895387594453,0.456077999828922,0.468241090062841,0.469780057950306,0.520515534372368,0.498628390550063,0.0418377615130248,0.973861046042625,0.260064064491946,-0.298064194304892,-0.314067382579535,0.183748581601304,-0.134880537834121,-0.0582880038954932,0.0691293195088106,0.941815437738438,0.337166251925013,-0.253767017450221,-0.198018613740301,0.134238177615723,-0.0746534685716436,-0.0470377231478938,0.104006932448402,0.995098125305236,0.269558804317581,-0.317347344297819,-0.286218395142807,0.246594178874781,-0.171304354260797,-0.0135368505386876,0.0784918419725615,0.999999932530939,0.337207726863319,-0.320292051328424,-0.289979241424705,0.267487492516363,-0.153206870677652,-0.0208263415462215,0.08521067161216,1,NA,NA,NA,NA,NA,NA,NA,NA,NA,NA,NA,NA,NA,NA,NA,NA,NA,NA,NA,NA,NA,NA
"mean_diamcopa_Salix",0.233537356253422,0.0328576964884445,0.219172645217961,0.2684536362192,0.953075448969473,-0.266927391641944,-0.145777417699675,-0.0872049099979209,-0.142781846316011,-0.0701302966317755,0.331682430172286,0.242774604443018,0.165406044867326,0.214950579282298,0.214164119620493,0.248527332969158,0.375889952426322,0.4745812328696,0.312859188643856,0.941171369779645,-0.226100683446403,-0.162886149053109,-0.0842878168629196,-0.133759272715217,-0.0705880857427428,0.484947383843638,0.247245619614258,0.999997987633203,-0.243223218154095,-0.147012140892533,-0.0809978260323508,-0.134356981616124,-0.0713803390724948,0.487348466232472,0.287416683075105,0.88158616607517,-0.237059847242093,-0.215087847792625,-0.0873746920166218,-0.133282764750205,-0.0714125404546234,0.455717234237805,0.337345065612343,0.99999978763369,-0.238253204976072,-0.216445862837088,-0.0878545203849038,-0.133981623530241,-0.0716860073217361,0.44836436061615,0.337294399655872,1,NA,NA,NA,NA,NA,NA,NA,NA,NA,NA,NA,NA,NA,NA,NA,NA,NA,NA,NA,NA,NA
"mean_diamcopa_Arbutus",-0.249294920896836,0.365753590652626,-0.413439085541089,-0.322522783416479,-0.239502569215489,0.836388843578967,0.354656701187469,-0.237001140643371,0.478386225818918,-0.190596610853507,-0.407492009034691,-0.583196940357192,-0.235366548584557,-0.247389964170359,-0.24988400892727,-0.222868555964419,-0.436465838179393,-0.321088866440462,-0.308227765864282,-0.235593146932209,0.930385315199614,0.289953371851223,-0.229073210892917,0.441045873809575,-0.191840767191446,-0.367002768126476,-0.315802767633899,-0.23835403010135,0.918340326345589,0.0338493022664893,-0.220131838445314,0.403198017882939,-0.193993913646551,-0.402510065039793,-0.322369276737052,-0.230626354049323,0.995789347441751,0.419029066885739,-0.237462565717875,0.396581060025019,-0.194081428951537,-0.394335440104496,-0.320380402413217,-0.238295354339664,0.999999505041135,0.416272844155773,-0.238766619246496,0.419366052378532,-0.194824643518646,-0.404861499827303,-0.320298613460743,-0.238266287623582,1,NA,NA,NA,NA,NA,NA,NA,NA,NA,NA,NA,NA,NA,NA,NA,NA,NA,NA,NA,NA
"mean_diamcopa_Quercus",-0.430113955836196,0.750924093200561,-0.510748648487997,-0.419644650685081,-0.226563681969444,0.522822470284134,0.721874094928982,0.0289228587618016,0.473057921214078,0.149019518588484,-0.435905682808631,-0.414518762330975,-0.252655856894495,-0.25507883974238,-0.260222685470335,-0.283146747432767,-0.539533185104671,-0.222933541055631,-0.290795075991541,-0.15317258781278,0.444550913719278,0.95238158266988,-0.00169621916723781,0.502854636494864,0.146908852750063,-0.282074643445363,-0.261755263240002,-0.216385058584068,0.419136546384185,0.760551547865202,-0.00800365378498399,0.467207687855202,0.141356632035472,-0.385829653663204,-0.284770522690181,-0.209174670559346,0.40764140322208,0.990880215785262,0.00690712711738926,0.456290192014773,0.121142754853093,-0.355879299332145,-0.290396992308753,-0.216276218177103,0.416560610627388,0.999999346372801,0.0119382816058989,0.48727026379604,0.125984743392021,-0.380825086769195,-0.290216699913005,-0.21631822134831,0.416410616970447,1,NA,NA,NA,NA,NA,NA,NA,NA,NA,NA,NA,NA,NA,NA,NA,NA,NA,NA,NA
"mean_diamcopa_Alnus",0.0873113719819657,0.139764711899076,0.0346984017636383,0.0644638347106614,-0.0883198731369644,-0.267516701323116,0.117194543496458,0.92510164504914,-0.143097073328915,-0.070285126986556,0.000728495213459251,0.115605489454922,-0.0133295216509798,-0.04688936339204,-0.0477900606441994,-0.0178054059924894,0.0827101152397006,0.373554460917413,0.222448554570773,-0.0868782197917453,-0.226599857850554,-0.00440055399389932,0.982016580267618,-0.134054580116502,-0.0707439267826888,0.294262198385204,0.286841349700246,-0.0878963335098704,-0.24376019488122,0.12119490693975,0.959616683473301,-0.134653608610875,-0.0715379292119031,0.115914337150284,0.308762273364463,-0.0850466464656176,-0.237583216770179,0.0376477790770676,0.997346108115446,-0.133577020139723,-0.0715702016867213,0.186972136076473,0.267764563208399,-0.0878746960141001,-0.238779209142969,0.0121689462437287,0.999999812487306,-0.134277421827148,-0.0718442723010602,0.181165375552625,0.267707117876277,-0.087863977261958,-0.23879232067373,0.0119521441937957,1,NA,NA,NA,NA,NA,NA,NA,NA,NA,NA,NA,NA,NA,NA,NA,NA,NA,NA
"mean_diamcopa_Juniperus",0.225751917887607,0.150533956172622,-0.232480792779941,-0.0969757488448822,-0.134674608935869,0.465400058397775,0.0898346550568017,-0.133268031478958,0.86083565434639,-0.107174315980315,-0.150647680155377,-0.32048512296048,-0.0279224039433994,-0.0391855098963151,-0.0405450799084096,-0.0107091531448529,-0.205550550603431,-0.18055137221774,-0.171677819903092,-0.132476303010006,0.379236743792891,0.358029223619564,-0.128810079974258,0.987668018370025,-0.107873917111175,-0.206369202792745,-0.179270101586615,-0.134028774293883,0.389208930062778,0.111021092561896,-0.123782259848256,0.821502040860073,-0.109084652168309,-0.226335298947097,-0.154403544700056,-0.129683427378821,0.4081173555538,0.493678106760143,-0.13352749525701,0.99099111106651,-0.109133862869946,-0.221738628356194,-0.153109691185485,-0.133995780346114,0.419452934177675,0.487370781454385,-0.134260777156965,0.999999691055888,-0.109551779602567,-0.227657533449563,-0.153009942943289,-0.133979435850795,0.419280037210217,0.487404916937718,-0.134275229317847,1,NA,NA,NA,NA,NA,NA,NA,NA,NA,NA,NA,NA,NA,NA,NA,NA,NA
"mean_diamcopa_Prunus",-0.021619578863435,0.0877797130382028,0.180919524813569,0.00492853993973746,-0.0720602491080385,-0.218267072327082,0.0760987020768762,-0.071307632688836,-0.116753006820128,0.962207641976511,-0.0194930534105106,0.204539159742748,-0.00659352758575783,-0.00576940574050613,-0.00649035199976015,-0.051660595122935,-0.0167011483009326,0.0210627254006052,0.01223763316757,-0.0708840030889481,-0.184882989802699,0.277865873783789,-0.0689223196853049,-0.109375229992553,0.97041397467671,0.100108993930097,0.086819713198218,-0.0717146828164272,-0.198884121340671,0.447471701999847,-0.0662320874758865,-0.109863977779367,0.985801985812283,0.142080783796068,-0.0338465278312214,-0.0693896210721655,-0.193844320380742,0.142439950988979,-0.0714464637916601,-0.108985588458112,0.998908386175843,0.153548515305843,-0.0209297222074121,-0.071697028767798,-0.1948201314327,0.126053782473547,-0.0718388204266243,-0.109557046707303,0.999999856396451,0.148804996009544,-0.0209106805977609,-0.0716882833300834,-0.19483082914024,0.12603936041418,-0.0718465533342711,-0.10955525783736,1,NA,NA,NA,NA,NA,NA,NA,NA,NA,NA,NA,NA,NA,NA,NA,NA
"mean_coberturacopa_Abies",0.337976069729215,-0.201052861454353,0.766615781507028,0.0906837122297738,0.449283575437501,-0.40700627075444,-0.149530664085589,0.0685827305629259,-0.217711290111679,0.0578569164554577,0.148898049667871,0.263914461399116,-0.144077235555975,-0.135101027325419,-0.135164320698551,-0.170661167165829,0.258820983049987,0.94314616390563,0.115243940526203,0.62459457268347,-0.34475441212115,-0.221689333530701,0.251083189469306,-0.203953825914102,0.0650592193668798,0.974965816442209,0.0799459994053212,0.540883900113476,-0.370862556940508,-0.100687543969819,0.2791379385072,-0.204865202109924,0.08172777315076,0.973435422030501,0.0493854988710492,0.405979174879507,-0.361464755558118,-0.280863549998032,0.209458674235316,-0.203227254809386,0.126645801908588,0.980210085339619,0.0931977849127861,0.541232284492382,-0.36328436679395,-0.288988915378149,0.187053241176134,-0.204292862591701,0.117440624126245,0.974433866439953,0.0932141233068464,0.5411594477062,-0.363304314988632,-0.288885513298476,0.18695065171722,-0.204289526855913,0.117332320513413,1,NA,NA,NA,NA,NA,NA,NA,NA,NA,NA,NA,NA,NA,NA,NA
"mean_coberturacopa_Pinus",0.420091781574989,-0.188417838331906,-0.0888414759742744,0.649817060814949,0.2563747939982,-0.225918316347905,-0.347511513911488,0.539657282880911,-0.16393388130333,-0.0830002867507945,0.434286436302889,0.390610088335792,0.461482191179872,0.477684098222699,0.477853700681895,0.543638381172492,0.454613169586595,-0.0331980065155972,0.887426611648509,0.179778238820012,-0.281057572336764,-0.287704532641611,0.259771625670455,-0.14994715279668,-0.0810033875973471,-0.0395128851589818,0.846729359014004,0.279260586846197,-0.223342718485044,-0.173212211979404,0.200029580349734,-0.112760528291959,-0.0759836175418277,-0.0330026854775042,0.947988382558147,0.213426752949902,-0.283340277069112,-0.2431807922523,0.334407787710483,-0.172363494570224,-0.0593225185103045,-0.0451480162221241,0.951208442544932,0.279295315557607,-0.285261895064336,-0.24375970525856,0.35327403884254,-0.163072075825632,-0.0631543359971801,-0.0450786267419805,0.951213781706221,0.279415042568713,-0.28525444953029,-0.243950332650264,0.353581781794006,-0.162948971486451,-0.0631980161151592,-0.0182150763389128,1,NA,NA,NA,NA,NA,NA,NA,NA,NA,NA,NA,NA,NA,NA
"mean_coberturacopa_Salix",0.229009493774728,0.0364823869130449,0.227918235436961,0.260963679207535,0.944377215319697,-0.266335484511123,-0.131609561688673,-0.0870115345344554,-0.142465229904086,-0.069974783844543,0.31891290427719,0.233408498737679,0.148466427205422,0.196541251076253,0.195748844419624,0.22800288179834,0.36368116576366,0.494359953626929,0.308228278265224,0.948979872521407,-0.225599308874119,-0.152348048519132,-0.0841009100058316,-0.133462663712871,-0.0704315578156345,0.504023509897881,0.240769243621199,0.998935337907769,-0.242683874640786,-0.138425109772436,-0.080818214676189,-0.134059047204055,-0.0712220543365689,0.506930836787082,0.280599333986967,0.871401352863862,-0.236534170903105,-0.206262173638773,-0.0871809400643032,-0.132987212396488,-0.0712541843126586,0.474169780501301,0.3315572015528,0.998976670590856,-0.237724882385802,-0.207584214301674,-0.0876597044210163,-0.133684521468596,-0.0715270447714605,0.46672048532282,0.331512046478713,0.998974408606326,-0.237737936022755,-0.207455724474582,-0.0876691403276001,-0.133682338640293,-0.0715293157327964,0.562959773666035,0.270580641669644,1,NA,NA,NA,NA,NA,NA,NA,NA,NA,NA,NA,NA,NA
"mean_coberturacopa_Arbutus",-0.167042161091294,0.278714859579681,-0.316049801704055,-0.283091963979818,-0.183085591458054,0.642450828087903,0.277465763334534,-0.181173396815982,0.458960303327876,-0.145699870119631,-0.299815547749914,-0.472128429605217,-0.120477493584871,-0.129461572193245,-0.131342538201427,-0.119215016449291,-0.327761967621558,-0.245453504801259,-0.298669542500105,-0.180097068648724,0.83491319339449,0.221036366513123,-0.175112962006642,0.409935518319516,-0.146650954276031,-0.280551975243,-0.29142020848857,-0.182207601031005,0.778940613835692,-0.00845231369098368,-0.168277810014836,0.337394354842058,-0.148296907776739,-0.307695209980504,-0.301499167009319,-0.176300248365787,0.932951709077663,0.340115341532253,-0.181526129076666,0.385723368653346,-0.1483638080669,-0.301446191249185,-0.299777090760821,-0.182162746871119,0.942501896318195,0.336248703148845,-0.182523001103395,0.393163610409831,-0.148931951778449,-0.309492743218901,-0.299729163922794,-0.182140527080647,0.94248279746046,0.336445796343953,-0.182542648328984,0.393037435331471,-0.148936680321411,-0.277724725905174,-0.262641219670575,-0.181736633437033,1,NA,NA,NA,NA,NA,NA,NA,NA,NA,NA,NA,NA
"mean_coberturacopa_Quercus",-0.20362109719529,0.504438683090424,-0.448509867521856,-0.236036587323786,-0.23512792340935,0.541722311119208,0.452293170261592,-0.0775291284721638,0.614937631189327,0.107326412377221,-0.256509331917316,-0.32014160378133,-0.0755333714828235,-0.0820262934520703,-0.0856449726823518,-0.10850785892505,-0.375477527296844,-0.281377999142988,-0.217672319929375,-0.20110571002729,0.46918937083939,0.848650672052458,-0.0986231493116076,0.663481735167108,0.103868819530686,-0.328498116404839,-0.194109884909148,-0.231845721411147,0.417172309930553,0.597579106706651,-0.100262902211218,0.591696365360815,0.0953235052889376,-0.391043008852999,-0.218876821254369,-0.221238594472379,0.414349665089507,0.924559211650683,-0.0946340270063214,0.598235678563155,0.0680208164462084,-0.373265464331872,-0.225029665337435,-0.231773144608017,0.423304844862078,0.930055228288181,-0.0895536526405366,0.64624372170916,0.0741854201759399,-0.390327038119521,-0.224852207212342,-0.231778887019317,0.423048207253857,0.930011944203417,-0.0895626903397943,0.646428243113569,0.0742560358343508,-0.328423503239874,-0.221619027990797,-0.227660600303602,0.356321550978779,1,NA,NA,NA,NA,NA,NA,NA,NA,NA,NA,NA
"mean_coberturacopa_Alnus",0.0881101754215839,0.133167314806277,0.0403485526011919,0.0604122618012825,-0.0849285805884598,-0.257244637249941,0.120738012929965,0.866698082467375,-0.137602454493349,-0.0675863297741713,0.023198809391472,0.141658795746222,-0.000223619145577957,-0.0388114627433604,-0.0396748828955761,-0.0188003934319961,0.098947372777909,0.37756467198808,0.204525846266708,-0.0835422836208431,-0.217898912274816,0.00880011973602104,0.973100991547129,-0.128907173508059,-0.0680275126481482,0.298990522181368,0.280145746248855,-0.0845213039691164,-0.234400329392728,0.139479508720715,0.958202591842806,-0.129483200600855,-0.068791027097409,0.121325590234005,0.271168449612096,-0.0817810387582007,-0.228460533912234,0.0416622147182408,0.979440682142473,-0.128447950803892,-0.068822060378833,0.192193459722994,0.225229230899157,-0.0845004973064935,-0.229610602758667,0.0125684522832323,0.986406417337766,-0.129121458577873,-0.0690856072729812,0.186537844124236,0.225152716789141,-0.0844901901313043,-0.229623210834939,0.0123273307316839,0.986312195612717,-0.129119350256198,-0.0690878007194389,0.191745081336969,0.285928367334931,-0.0843028345147993,-0.175533404530565,-0.0817992652378681,1,NA,NA,NA,NA,NA,NA,NA,NA,NA,NA
"mean_coberturacopa_Juniperus",0.157830318652618,0.131789780771169,-0.189448558170214,-0.112838667881887,-0.109746315727633,0.414744236838968,0.084166536370661,-0.108600095999198,0.669709391095092,-0.0873363317139437,-0.103633116267173,-0.258757794578611,0.0296417081038157,0.0106678677654838,0.00957822471468042,0.0354047837077269,-0.158226762507923,-0.147131282259012,-0.161071060061342,-0.107954916605616,0.286343339000146,0.317991872587489,-0.104967312082474,0.919854254482835,-0.087906436555513,-0.168170227967303,-0.169140436650211,-0.109220025188627,0.293688148705557,0.102976547509961,-0.100870142323974,0.641346176235242,-0.0888930643459529,-0.184440596299667,-0.149432477958523,-0.105679002732689,0.314183390962559,0.44524152277873,-0.108811532987439,0.933734195048625,-0.088933166138278,-0.180694770223384,-0.148395628837573,-0.109193138426248,0.32308210642503,0.432335036634703,-0.109409084281969,0.946361649362356,-0.0892737264120258,-0.185518084968988,-0.148314761729649,-0.109179819299815,0.322852362331635,0.432381544964861,-0.109420861345393,0.946352332841142,-0.089276560824962,-0.166475500403005,-0.14460429145354,-0.108937714833924,0.275035762203238,0.5898156892287,-0.105219336382193,1,NA,NA,NA,NA,NA,NA,NA,NA,NA
"mean_coberturacopa_Prunus",-0.00906200373044095,0.0850100851292086,0.194148460488948,0.014820490825411,-0.071760373578416,-0.217358763589277,0.0746850435275371,-0.0710108891390513,-0.116267144362136,0.947500153681034,-0.0204211255213711,0.207494327633349,-0.00911831473233577,-0.00739270057327323,-0.00811135314136546,-0.0529338147616642,-0.0188041200027059,0.0263637900346913,0.0216119185239527,-0.0705890224549484,-0.184113607443194,0.268349561812806,-0.0686355025097571,-0.108920069825504,0.957229069047227,0.109333668702036,0.0993017600501945,-0.0714162453455958,-0.198056473893448,0.446284237771791,-0.0659564655823228,-0.109406783710087,0.97624917636358,0.153542135915428,-0.0266066028782856,-0.0691008592426286,-0.193037645841617,0.136099821421128,-0.0711491425024004,-0.108532049767022,0.999995672561049,0.165374675865159,-0.0130912148773823,-0.0713986647635068,-0.194009396099175,0.120839818577906,-0.0715398663626356,-0.109101129918062,0.998793105241597,0.16057870081859,-0.0130714613553684,-0.0713899557195431,-0.19402004928868,0.120825516486127,-0.0715475670901303,-0.109099348492422,0.998766639974668,0.127223105230653,-0.0590741066068145,-0.0712316496588595,-0.14831688693401,0.0676231548578165,-0.0688002949019093,-0.0889050403779522,1,NA,NA,NA,NA,NA,NA,NA,NA
"mean_areabasal_Abies",0.138851953118552,0.0247019880826885,0.435921635995468,-0.0531846097613279,0.321533432907185,-0.286515797742928,0.0617732285487219,0.243829100722586,-0.153259859727381,-0.0530004368897331,0.080479078501651,0.110515353661058,-0.161447325945115,-0.152199885591653,-0.153208287869451,-0.160708244443435,0.203346484006626,0.972178823892442,0.0290031906167069,0.473806771000638,-0.24269303082527,-0.0955886872626452,0.54505261200108,-0.143575166609061,-0.0524238542730812,0.896052578493174,-0.0296853922940998,0.44267158011395,-0.261072098859382,-0.0404714925625548,0.587154226395152,-0.144216738242111,-0.0508576933349789,0.744162915421653,-0.0191096513158731,0.256594880453547,-0.254456430370753,-0.124341878943152,0.479932253119795,-0.143063690215101,-0.0448136034863165,0.793701720334472,0.0181466038943122,0.443178794196266,-0.255737362391406,-0.137268487904186,0.443131326658117,-0.143813834588221,-0.0462951271430286,0.784013349632667,0.0181748600265544,0.443221960559553,-0.255751405106037,-0.137230356542819,0.442973563530753,-0.143811486366415,-0.0463117415219545,0.853101144661734,-0.0217126748975779,0.462692609653684,-0.19550686835404,-0.21099970342758,0.446009201479702,-0.117191955578979,-0.0447159767070036,1,NA,NA,NA,NA,NA,NA,NA
"mean_areabasal_Pinus",0.466041474804805,-0.23601272122822,-0.0288846524507192,0.699834919345178,0.24787014665872,-0.202994538366304,-0.357836942267545,0.3609533756372,-0.204094268668537,-0.0373388814358303,0.521355385271443,0.489883846378447,0.491219460449019,0.5136515885671,0.513818170307811,0.548198128673224,0.523263100628614,0.0106313142992829,0.96891313134977,0.182825028187467,-0.28151983143195,-0.276226670115117,0.184800735993263,-0.188892380080163,-0.0325596861857308,0.015521748420693,0.932015170291738,0.291046215634089,-0.202143214451658,-0.126139370674374,0.143663561099898,-0.160756315054975,-0.0211944856891799,0.034272892139672,0.940305307864126,0.193236477035063,-0.280614267869506,-0.27144953846152,0.237224528197205,-0.21061986155125,0.0118285117169139,0.0211008807110313,0.944185353157831,0.291177259866868,-0.280720678440944,-0.268068115969564,0.260707972180936,-0.200790932870865,0.00474184844978496,0.0206611560600261,0.944181185740125,0.291330591104304,-0.280774593435069,-0.268285442024015,0.260837581728946,-0.200684369550173,0.00465954315396115,0.046133548645883,0.916670846753157,0.284119221930406,-0.273298768886012,-0.2285898438179,0.243064910581115,-0.172694662869628,0.0122791452133934,0.00832818045603744,1,NA,NA,NA,NA,NA,NA
"mean_areabasal_Salix",0.209588738713588,0.045070055059732,0.373138882706924,0.174537434727751,0.860322355476689,-0.244229621867166,-0.0246885206148371,-0.0797895714738845,-0.130640606498833,-0.0641668722061543,0.193690540085717,0.203829125951843,-0.00401226671764054,0.00586288307373631,0.00506146448234501,0.0139055225821375,0.222273336667033,0.536602530250549,0.149593602995669,0.971615508957996,-0.206874551473891,-0.0354188996730899,-0.0771205289716136,-0.122385253890636,-0.0645857339077529,0.5973286847967,0.122639337174534,0.83540818032734,-0.222541097163876,-0.0143422787372917,-0.0741102975691575,-0.122932137513022,-0.0653106191657181,0.603105554311749,0.152377107538225,0.871282641890766,-0.216901819238872,-0.0996708104599399,-0.0799449163336686,-0.121949265064627,-0.0653400823516897,0.567686445882562,0.188698800859319,0.835124068853415,-0.217993701590583,-0.10134508640967,-0.0803839432174433,-0.122588697438116,-0.0655902953745545,0.560085869401093,0.188706212094998,0.834807656370496,-0.218005671774814,-0.101100106983145,-0.0803925959431631,-0.122586695784706,-0.0655923778459509,0.632061505808874,0.0989815964628665,0.847484397234654,-0.166652480968546,-0.167156019644664,-0.0773056937331226,-0.0998958773736033,-0.0653194180756306,0.453747239314451,0.0943957469052603,1,NA,NA,NA,NA,NA
"mean_areabasal_Arbutus",-0.173738279855098,0.248502835730656,-0.311002955393477,-0.209988177201653,-0.180161986264226,0.625959824097263,0.230900096642398,-0.178280326532863,0.436740991370758,-0.143373259414608,-0.262768635387692,-0.422599094832178,-0.172579472522773,-0.176229490413917,-0.178101364608677,-0.171967450467094,-0.311076971312571,-0.241533976586257,-0.288573190679116,-0.177221185729149,0.961526841759486,0.268880427620192,-0.172316667873652,0.319009266843738,-0.144309156168454,-0.276071976541699,-0.27254220397656,-0.179298016041346,0.82331024159739,0.0428266855134336,-0.165590663115687,0.340841214309688,-0.145928826234374,-0.302781774101412,-0.290116881705355,-0.173484995031592,0.86303077217236,0.369044700939373,-0.178627426182804,0.265874985254768,-0.145994658226183,-0.296632542925594,-0.288569430317315,-0.17925387813583,0.840950173393024,0.380040749829284,-0.179608379642639,0.304495531726157,-0.146553729525792,-0.304550603401558,-0.288479553063817,-0.179232013162437,0.841013432491062,0.380141537122133,-0.179627713131192,0.304466919654256,-0.14655838256094,-0.273289874180118,-0.274036037285994,-0.178834569100928,0.802228974151799,0.416552338255166,-0.172730396554411,0.208141435665937,-0.145948486354154,-0.192384913801545,-0.290597321284515,-0.163991288162254,1,NA,NA,NA,NA
"mean_areabasal_Quercus",-0.33879956695131,0.540398201437931,-0.378803905321624,-0.294976853870654,-0.169088649332903,0.278572453063464,0.522009479020029,-0.0983797544750185,0.344348779262537,0.483972345810868,-0.21531101874094,-0.177604849032077,-0.0865177468938944,-0.103208248835578,-0.106872964643414,-0.144540432950608,-0.303283265318634,-0.22366039572027,-0.252282156362591,-0.122260214226704,0.236251113798445,0.912465820310061,-0.102022401101679,0.338041951693153,0.475770329289244,-0.253975153773869,-0.202439029771095,-0.17116057285506,0.179522455663045,0.734282174511421,-0.101156255780634,0.266296746004986,0.454576965399181,-0.310069144149448,-0.271048075027796,-0.150936757288654,0.199701430906782,0.831558568305087,-0.100958532833354,0.343571983150717,0.380066547044333,-0.294392815583092,-0.279877135380158,-0.171124761764464,0.207733228199975,0.81837407996325,-0.0937583518844104,0.358129485805671,0.397653566228876,-0.312109431402397,-0.279756010750325,-0.17116841011156,0.207419524653649,0.81843943560761,-0.0938041197547302,0.358265918564973,0.397852696352074,-0.250499131967464,-0.280758795838663,-0.165615524590879,0.180781906122087,0.815516992436996,-0.0750518943241471,0.326060444727907,0.37891861066566,-0.171375835811925,-0.250845894394074,-0.0809679195125774,0.21756930564484,1,NA,NA,NA
"mean_areabasal_Alnus",0.0557302309806499,0.122016709534098,0.124790787192716,-0.0485103380181331,-0.0746994254561068,-0.226261012147968,0.125578926853256,0.698509614586943,-0.121029036642112,-0.0594459482053746,0.00754736513106712,0.0969470521532675,-0.0719935653236229,-0.0969981108970875,-0.0977844969981438,-0.0810577972128767,0.105153353142988,0.566824695027849,0.038955870656798,-0.0734800999207572,-0.191654251627174,-0.0238640283097916,0.967276649296057,-0.113381051837938,-0.0598339931600741,0.467959284919501,0.0785369087381411,-0.0743412029442521,-0.206168168725266,0.0846304879482329,0.987198909829678,-0.113887699807101,-0.060505546720631,0.232843236105404,0.0799030085324535,-0.0719309867904621,-0.20094378717261,0.0054316334824735,0.926057851164369,-0.112977139846003,-0.0605328422232324,0.327641867531759,0.0550609392913915,-0.0743229023235091,-0.201955336894367,-0.0190699305721473,0.902680399434901,-0.113569527513477,-0.0607646464219745,0.321748875155381,0.0550226522349027,-0.0743138365878124,-0.201966426400951,-0.0192024840373969,0.902532113231991,-0.113567673126924,-0.0607665756805236,0.321777220468373,0.108269909418988,-0.0741490468690637,-0.154391423663677,-0.103217517620166,0.906727330985085,-0.0925462773563727,-0.0605136982718121,0.648651993805882,0.0721185216822209,-0.0679946711264675,-0.151926021746951,-0.102754655725457,1,NA,NA
"mean_areabasal_Juniperus",0.187812614943992,0.130078935482774,-0.20263676633968,-0.0938253240650087,-0.117386158815526,0.459470994725752,0.0724854088019753,-0.116160146532676,0.73670594347995,-0.0934161337167978,-0.114861877272845,-0.278316409373803,0.0158507952376167,0.00351016705055049,0.00234128166641804,0.0281814691814906,-0.172547639074412,-0.157373629825094,-0.156031177470324,-0.115470053837925,0.357930698181897,0.330366360797149,-0.112274471218989,0.964757680027209,-0.0940259256449391,-0.179877173619255,-0.165609924516614,-0.116823231264061,0.359493875507207,0.101961456421989,-0.107892082463825,0.727302589882698,-0.0950812362103326,-0.19728018189691,-0.143715515884633,-0.113035705262609,0.388806039542252,0.475306640290888,-0.116386302424258,0.93807846183908,-0.0951241296353324,-0.193273595144812,-0.142078938791491,-0.116794472815654,0.402095270681126,0.469958959186122,-0.117025451453499,0.964772521281124,-0.0954883975573612,-0.198432678499828,-0.141980087416341,-0.116780226496037,0.401904292027064,0.470003631425404,-0.117038048361452,0.964770678702989,-0.0954914292841657,-0.178064469860658,-0.145393166007439,-0.116521268251337,0.364788180297524,0.637447283700947,-0.11254403985349,0.980573685436037,-0.095094045937793,-0.12535011693365,-0.175413542309616,-0.106849995361088,0.274377009530352,0.327099085129626,-0.0989887627617694,1,NA
"mean_areabasal_Prunus",-0.0364401377692082,0.090783077371206,0.16465543956374,-0.00681622525684169,-0.0721854499332531,-0.218646299680731,0.0775316190057206,-0.0714315258833121,-0.116955858919325,0.976570467029895,-0.0183303105063275,0.200381300701999,-0.00357877753054838,-0.00382620094350294,-0.00454756210870627,-0.0499857719028873,-0.0141542375948793,0.0147098527753151,0.00108330441362914,-0.0710071602496726,-0.185204214100116,0.288261189802325,-0.0690420685261307,-0.109565263599467,0.982945220130481,0.0888511493365739,0.0717420456885179,-0.0718392832387094,-0.199229671854611,0.447449196204501,-0.066347162182265,-0.110054860559396,0.993977416504957,0.128036705764361,-0.0423227950161581,-0.0695101818241349,-0.19418111451031,0.149502163412834,-0.0715705981977454,-0.109174945083719,0.994425823545774,0.139035218820062,-0.0301570289796134,-0.0718215985171158,-0.195158620981733,0.131833070240536,-0.0719636365313587,-0.109747396211025,0.998233873403822,0.134369061248534,-0.0301388923663647,-0.0718128378846713,-0.195169337275967,0.13181855203917,-0.0719713828745186,-0.109745604233016,0.998265567017586,0.105229600780737,-0.0678857528498364,-0.071653594089694,-0.149195449830423,0.0818833405459765,-0.0692078370747028,-0.0894316740701418,0.994111329149709,-0.0480558083653829,-0.00439000978353183,-0.065706341091093,-0.146813019904911,0.419031204943984,-0.0608721543527435,-0.0956573405305919,1
