SampleID	prop_conif	prop_latif	prop_Abies	prop_Pinus	prop_Salix	prop_Arbutus	prop_Quercus	prop_Alnus	prop_Juniperus	prop_Prunus	total_mean_DAP	total_mean_Altura	total_mean_CopaNS	total_mean_distanciacopas	total_mean_diamcopa	total_mean_coberturacopa	total_mean_areabasal	mean_DAP_Abies	mean_DAP_Pinus	mean_DAP_Salix	mean_DAP_Arbutus	mean_DAP_Quercus	mean_DAP_Alnus	mean_DAP_Juniperus	mean_DAP_Prunus	mean_Altura_Abies	mean_Altura_Pinus	mean_Altura_Salix	mean_Altura_Arbutus	mean_Altura_Quercus	mean_Altura_Alnus	mean_Altura_Juniperus	mean_Altura_Prunus	mean_CopaNS_Abies	mean_CopaNS_Pinus	mean_CopaNS_Salix	mean_CopaNS_Arbutus	mean_CopaNS_Quercus	mean_CopaNS_Alnus	mean_CopaNS_Juniperus	mean_CopaNS_Prunus	mean_distanciacopas_Abies	mean_distanciacopas_Pinus	mean_distanciacopas_Salix	mean_distanciacopas_Arbutus	mean_distanciacopas_Quercus	mean_distanciacopas_Alnus	mean_distanciacopas_Juniperus	mean_distanciacopas_Prunus	mean_diamcopa_Abies	mean_diamcopa_Pinus	mean_diamcopa_Salix	mean_diamcopa_Arbutus	mean_diamcopa_Quercus	mean_diamcopa_Alnus	mean_diamcopa_Juniperus	mean_diamcopa_Prunus	mean_coberturacopa_Abies	mean_coberturacopa_Pinus	mean_coberturacopa_Salix	mean_coberturacopa_Arbutus	mean_coberturacopa_Quercus	mean_coberturacopa_Alnus	mean_coberturacopa_Juniperus	mean_coberturacopa_Prunus	mean_areabasal_Abies	mean_areabasal_Pinus	mean_areabasal_Salix	mean_areabasal_Arbutus	mean_areabasal_Quercus	mean_areabasal_Alnus	mean_areabasal_Juniperus	mean_areabasal_Prunus
P1S1T1	4.61512051684126	0	3.603049197508743	4.178838885198542	0	0	0	0	0	0	-0.9411998863239044	-0.4801229825202454	-0.9807957538738308	-0.9816339060285794	-0.9849808856315492	-0.8868285298874518	-0.8509701184042633	0.09757165049155817	-0.07486979886680865	-0.28867513459481287	-0.7529360594747071	-1.687547086234087	-0.2806861780474733	-0.4454306735444772	-0.23506481411234767	0.4655572709345039	-0.012152615209520105	-0.29205807816015195	-0.8099556739867725	-1.4985460170164084	-0.26973020615956167	-0.44742109912702155	-0.23770309052583158	0.8884700092936006	0.03379762878649747	-0.2825892631565217	-0.7894310823012116	-1.6668209030536574	-0.2909657560606455	-0.44384385821948374	-0.2378103240883309	0.8963198370586427	0.050219184417629265	-0.29198618203913607	-0.7934050732510403	-1.6727786074304658	-0.29256362863374674	-0.4461711221974127	-0.23872099389340298	0.8754323114033457	0.049275596719195076	-0.2919505662400931	-0.7934486396698294	-1.6728093930165835	-0.292595120903631	-0.44616383702376206	-0.2387285732104141	0.21609623220383037	-0.30876415336405233	-0.2913031706283434	-0.6065446978768527	-1.1906990775501642	-0.281360099633724	-0.3635788342818094	-0.23773511484448262	-0.26617231943024033	-0.41941173996993947	-0.26712498840272114	-0.5968590791731679	-1.2029772418554292	-0.24747190690442347	-0.3888888888888889	-0.23914335132647974
P1S1T2	4.330733340286331	3.258096538021482	0	4.330733340286331	3.258096538021482	0	0	0	0	0	2.3887912752526725	1.5736164769164047	2.331271798310518	2.706913151642379	2.7051481138368114	3.0480520973324703	2.5165235871927623	-0.39343407456273455	1.748430008830766	2.0207259421636903	-0.7529360594747071	-1.687547086234087	-0.2806861780474733	-0.4454306735444772	-0.23506481411234767	-0.4496929340481381	1.5967186094730608	3.462974355327516	-0.8099556739867725	-1.4985460170164084	-0.26973020615956167	-0.44742109912702155	-0.23770309052583158	-0.4932004547422745	1.7707909142986094	3.41676109089249	-0.7894310823012116	-1.6668209030536574	-0.2909657560606455	-0.44384385821948374	-0.2378103240883309	-0.4831839878620295	1.8715629306689134	3.4605989080216473	-0.7934050732510403	-1.6727786074304658	-0.29256362863374674	-0.4461711221974127	-0.23872099389340298	-0.49608169624956905	1.8708052397344817	3.4616995711325327	-0.7934486396698294	-1.6728093930165835	-0.292595120903631	-0.44616383702376206	-0.2387285732104141	-0.44516117465164395	2.0395083723967224	3.254061668430464	-0.6065446978768527	-1.1906990775501642	-0.281360099633724	-0.3635788342818094	-0.23773511484448262	-0.3133752923341253	1.989974851346734	0.9349374594095241	-0.5968590791731679	-1.2029772418554292	-0.24747190690442347	-0.3888888888888889	-0.23914335132647974
P1S1T3	4.61512051684126	0	0	4.61512051684126	0	0	0	0	0	0	3.0983276964016744	2.7426681692111132	3.5869872613678675	3.3386532554423773	3.337159157944652	3.5509232328932154	2.926419705269786	-0.39343407456273455	1.5502452471245076	-0.28867513459481287	-0.7529360594747071	-1.687547086234087	-0.2806861780474733	-0.4454306735444772	-0.23506481411234767	-0.4496929340481381	1.7938610339830539	-0.29205807816015195	-0.8099556739867725	-1.4985460170164084	-0.26973020615956167	-0.44742109912702155	-0.23770309052583158	-0.4932004547422745	1.7851293022686388	-0.2825892631565217	-0.7894310823012116	-1.6668209030536574	-0.2909657560606455	-0.44384385821948374	-0.2378103240883309	-0.4831839878620295	1.6780451576297146	-0.29198618203913607	-0.7934050732510403	-1.6727786074304658	-0.29256362863374674	-0.4461711221974127	-0.23872099389340298	-0.49608169624956905	1.6783026751885481	-0.2919505662400931	-0.7934486396698294	-1.6728093930165835	-0.292595120903631	-0.44616383702376206	-0.2387285732104141	-0.44516117465164395	1.68545549201715	-0.2913031706283434	-0.6065446978768527	-1.1906990775501642	-0.281360099633724	-0.3635788342818094	-0.23773511484448262	-0.3133752923341253	1.5080975330833992	-0.26712498840272114	-0.5968590791731679	-1.2029772418554292	-0.24747190690442347	-0.3888888888888889	-0.23914335132647974
P1S2T1	1.6094379124341003	4.574710978503383	0	1.6094379124341003	0	1.6094379124341003	4.532599493153256	0	0	0	-1.137176158811541	-1.3524251209222	-1.3327737423157708	-1.3848607077658686	-1.3883806230319946	-1.0955576749735223	-0.943334970387505	-0.39343407456273455	-0.31269151291431835	-0.28867513459481287	0.15333348323649046	-0.3750104636075747	-0.2806861780474733	-0.4454306735444772	-0.23506481411234767	-0.4496929340481381	-0.3834825243893017	-0.29205807816015195	0.3173022227989419	-0.7291848671842074	-0.26973020615956167	-0.44742109912702155	-0.23770309052583158	-0.4932004547422745	-0.4004506925915305	-0.2825892631565217	0.516879799545533	-0.4639368491169769	-0.2909657560606455	-0.44384385821948374	-0.2378103240883309	-0.4831839878620295	-0.391663644928563	-0.29198618203913607	0.2598424916834435	-0.4594754450812499	-0.29256362863374674	-0.4461711221974127	-0.23872099389340298	-0.49608169624956905	-0.3916173736924595	-0.2919505662400931	0.2617210171577678	-0.4595217419439267	-0.292595120903631	-0.44616383702376206	-0.2387285732104141	-0.44516117465164395	-0.5459531157804995	-0.2913031706283434	-0.1971025386425589	-0.7582208968701603	-0.281360099633724	-0.3635788342818094	-0.23773511484448262	-0.3133752923341253	-0.5800375127243844	-0.26712498840272114	-0.2761586784234061	-0.6216728028380406	-0.24747190690442347	-0.3888888888888889	-0.23914335132647974
P1S2T2	2.727199019940971	4.462569217389069	0	2.727199019940971	0	0	3.3867603338643857	4.06285389513073	0	0	-0.6459565432954603	-0.44852699083660463	-0.1159571342042574	-0.0694438943972449	-0.07239965450809209	0.28447115348131646	-0.41638513917391207	-0.39343407456273455	1.6691561041482625	-0.28867513459481287	-0.7529360594747071	-0.28125784770568113	1.8568470240063621	-0.4454306735444772	-0.23506481411234767	-0.4496929340481381	1.5744388149222739	-0.29205807816015195	-0.8099556739867725	-0.14589562494435684	1.4249897683901371	-0.44742109912702155	-0.23770309052583158	-0.4932004547422745	2.549160546957339	-0.2825892631565217	-0.7894310823012116	0.09441120084117087	2.382545683684996	-0.44384385821948374	-0.2378103240883309	-0.4831839878620295	2.5473228547041913	-0.29198618203913607	-0.7934050732510403	0.1490543143632484	2.385820030827782	-0.4461711221974127	-0.23872099389340298	-0.49608169624956905	2.5476690957185717	-0.2919505662400931	-0.7934486396698294	0.14900023785102795	2.3890794275617577	-0.44616383702376206	-0.2387285732104141	-0.44516117465164395	3.5184273620903466	-0.2913031706283434	-0.6065446978768527	-0.29236352774841073	1.5359896319417572	-0.3635788342818094	-0.23773511484448262	-0.3133752923341253	1.7490361922150663	-0.26712498840272114	-0.5968590791731679	-0.6216728028380406	0.8661516741654821	-0.3888888888888889	-0.23914335132647974
P1S2T3	4.61512051684126	0	0	4.61512051684126	0	0	0	0	0	0	2.6487958966938505	1.3714021301411037	1.9505917421415522	2.067021562632058	2.0649820885146757	1.9571747216513613	2.6488306262611614	-0.39343407456273455	1.3520604854182499	-0.28867513459481287	-0.7529360594747071	-1.687547086234087	-0.2806861780474733	-0.4454306735444772	-0.23506481411234767	-0.4496929340481381	1.0613283949647574	-0.29205807816015195	-0.8099556739867725	-1.4985460170164084	-0.26973020615956167	-0.44742109912702155	-0.23770309052583158	-0.4932004547422745	1.1521918904487773	-0.2825892631565217	-0.7894310823012116	-1.6668209030536574	-0.2909657560606455	-0.44384385821948374	-0.2378103240883309	-0.4831839878620295	1.1937332978310775	-0.29198618203913607	-0.7934050732510403	-1.6727786074304658	-0.29256362863374674	-0.4461711221974127	-0.23872099389340298	-0.49608169624956905	1.1939413837503923	-0.2919505662400931	-0.7934486396698294	-1.6728093930165835	-0.292595120903631	-0.44616383702376206	-0.2387285732104141	-0.44516117465164395	0.9612656728623835	-0.2913031706283434	-0.6065446978768527	-1.1906990775501642	-0.281360099633724	-0.3635788342818094	-0.23773511484448262	-0.3133752923341253	1.4277846467061768	-0.26712498840272114	-0.5968590791731679	-1.2029772418554292	-0.24747190690442347	-0.3888888888888889	-0.23914335132647974
P2S1T1	0	4.61512051684126	0	0	0	1.713797927758343	4.569024739351738	0	0	0	-1.4169040745465256	-0.956935220655188	-1.45846545278065	-1.5020938859725075	-1.505664080132124	-1.155427721139262	-1.0666633757312685	-0.39343407456273455	-0.7883349410093378	-0.28867513459481287	-0.34099535824234456	-0.5625156954113623	-0.2806861780474733	-0.4454306735444772	-0.23506481411234767	-0.4496929340481381	-0.7885696980399725	-0.29205807816015195	-0.05845040946296293	-0.2831401525302039	-0.26973020615956167	-0.44742109912702155	-0.23770309052583158	-0.4932004547422745	-0.7691520975351392	-0.2825892631565217	-0.2378775988548084	-0.5426301984399373	-0.2909657560606455	-0.44384385821948374	-0.2378103240883309	-0.4831839878620295	-0.7745597734018443	-0.29198618203913607	-0.09061864496732285	-0.5477498237660999	-0.29256362863374674	-0.4461711221974127	-0.23872099389340298	-0.49608169624956905	-0.7745525827354459	-0.2919505662400931	-0.08875936355528576	-0.549673146357994	-0.292595120903631	-0.44616383702376206	-0.2387285732104141	-0.44516117465164395	-0.600720352595971	-0.2913031706283434	-0.4243527322845593	-0.8298168372959327	-0.281360099633724	-0.3635788342818094	-0.23773511484448262	-0.3133752923341253	-0.6603503991016068	-0.26712498840272114	-0.5968590791731679	-0.9123250223467348	-0.24747190690442347	-0.3888888888888889	-0.23914335132647974
P2S1T2	0	4.61512051684126	0	0	0	2.546315277916644	4.4913293695643315	0	0	0	-0.8625270193689137	-1.087881175493806	-1.1458548585269244	-1.184621871069945	-1.1880559080267314	-0.9908464253962747	-0.534327709144191	-0.39343407456273455	-0.7883349410093378	-0.28867513459481287	0.2357216234829629	0	-0.2806861780474733	-0.4454306735444772	-0.23506481411234767	-0.4496929340481381	-0.7885696980399725	-0.29205807816015195	0.22336406473346568	-0.40718809092510444	-0.26973020615956167	-0.44742109912702155	-0.23770309052583158	-0.4932004547422745	-0.7691520975351392	-0.2825892631565217	0.7164550731610079	-0.3777488950965917	-0.2909657560606455	-0.44384385821948374	-0.2378103240883309	-0.4831839878620295	-0.7745597734018443	-0.29198618203913607	0.8563720859826199	-0.393739205635085	-0.29256362863374674	-0.4461711221974127	-0.23872099389340298	-0.49608169624956905	-0.7745525827354459	-0.2919505662400931	0.8545548526192093	-0.3919081886333761	-0.292595120903631	-0.44616383702376206	-0.2387285732104141	-0.44516117465164395	-0.600720352595971	-0.2913031706283434	0.4813829532943333	-0.6996863780085488	-0.281360099633724	-0.3635788342818094	-0.23773511484448262	-0.3133752923341253	-0.6603503991016068	-0.26712498840272114	-0.2761586784234061	0.2502838556880423	-0.24747190690442347	-0.3888888888888889	-0.23914335132647974
P2S1T3	0	4.61512051684126	0	0	0	2.727199019940971	4.462569217389069	0	0	0	-0.03914303642593928	-0.7283772028917085	0.2692548273952906	0.2643788332635835	0.26156624283921526	0.2701693859072171	-0.21792161417879558	-0.39343407456273455	-0.7883349410093378	-0.28867513459481287	-0.5057716387352896	1.1250313908227245	-0.2806861780474733	-0.4454306735444772	-0.23506481411234767	-0.4496929340481381	-0.7885696980399725	-0.29205807816015195	-0.3402648836593915	0.10747888752182257	-0.26973020615956167	-0.44742109912702155	-0.23770309052583158	-0.4932004547422745	-0.7691520975351392	-0.2825892631565217	-0.35399412168563016	0.9675326480911602	-0.2909657560606455	-0.44384385821948374	-0.2378103240883309	-0.4831839878620295	-0.7745597734018443	-0.29198618203913607	-0.32736632770480856	0.9623055052258034	-0.29256362863374674	-0.4461711221974127	-0.23872099389340298	-0.49608169624956905	-0.7745525827354459	-0.2919505662400931	-0.327384303615237	0.9641191860948871	-0.292595120903631	-0.44616383702376206	-0.2387285732104141	-0.44516117465164395	-0.600720352595971	-0.2913031706283434	-0.5262235087447663	1.0041035015831452	-0.281360099633724	-0.3635788342818094	-0.23773511484448262	-0.3133752923341253	-0.6603503991016068	-0.26712498840272114	-0.5968590791731679	1.1222405142141252	-0.24747190690442347	-0.3888888888888889	-0.23914335132647974
P2S2T1	0	4.61512051684126	0	0	0	0	4.61512051684126	0	0	0	-0.3572892808721043	0.3097768095707739	-0.25506145367076055	-0.0011913793425603328	-0.004117867356656503	-0.22874038206060004	-0.4514430960007784	-0.39343407456273455	-0.7883349410093378	-0.28867513459481287	-0.7529360594747071	0.37501046360757495	-0.2806861780474733	-0.4454306735444772	-0.23506481411234767	-0.4496929340481381	-0.7885696980399725	-0.29205807816015195	-0.8099556739867725	1.008805929263492	-0.26973020615956167	-0.44742109912702155	-0.23770309052583158	-0.4932004547422745	-0.7691520975351392	-0.2825892631565217	-0.7894310823012116	0.28552362062550324	-0.2909657560606455	-0.44384385821948374	-0.2378103240883309	-0.4831839878620295	-0.7745597734018443	-0.29198618203913607	-0.7934050732510403	0.4702227985145116	-0.29256362863374674	-0.4461711221974127	-0.23872099389340298	-0.49608169624956905	-0.7745525827354459	-0.2919505662400931	-0.7934486396698294	0.46828646181751676	-0.292595120903631	-0.44616383702376206	-0.2387285732104141	-0.44516117465164395	-0.600720352595971	-0.2913031706283434	-0.6065446978768527	0.16043241980917747	-0.281360099633724	-0.3635788342818094	-0.23773511484448262	-0.3133752923341253	-0.6603503991016068	-0.26712498840272114	-0.5968590791731679	0.2502838556880423	-0.24747190690442347	-0.3888888888888889	-0.23914335132647974
P2S2T2	0	4.61512051684126	0	0	0	0	4.61512051684126	0	0	0	-0.5874521020501925	-0.6591669353942097	-0.7419265718035226	-0.6725567584705155	-0.6757711812562076	-0.6158455897924424	-0.6089268971632512	-0.39343407456273455	-0.7883349410093378	-0.28867513459481287	-0.7529360594747071	0.18750523180378761	-0.2806861780474733	-0.4454306735444772	-0.23506481411234767	-0.4496929340481381	-0.7885696980399725	-0.29205807816015195	-0.8099556739867725	-0.003372461682130919	-0.26973020615956167	-0.44742109912702155	-0.23770309052583158	-0.4932004547422745	-0.7691520975351392	-0.2825892631565217	-0.7894310823012116	-0.05922819545603761	-0.2909657560606455	-0.44384385821948374	-0.2378103240883309	-0.4831839878620295	-0.7745597734018443	-0.29198618203913607	-0.7934050732510403	0.006312765851575977	-0.29256362863374674	-0.4461711221974127	-0.23872099389340298	-0.49608169624956905	-0.7745525827354459	-0.2919505662400931	-0.7934486396698294	0.006260514195421323	-0.292595120903631	-0.44616383702376206	-0.2387285732104141	-0.44516117465164395	-0.600720352595971	-0.2913031706283434	-0.6065446978768527	-0.2575330702439809	-0.281360099633724	-0.3635788342818094	-0.23773511484448262	-0.3133752923341253	-0.6603503991016068	-0.26712498840272114	-0.5968590791731679	-0.040368363820652044	-0.24747190690442347	-0.3888888888888889	-0.23914335132647974
P2S2T3	0	4.61512051684126	0	0	0	2.2332350148592526	4.5290447955986	0	0	0	-0.17077802922779164	-0.26948303796264034	-0.1471139840395152	-0.08836698506406536	-0.09133086089841934	-0.238397164673289	-0.45474271327781574	-0.39343407456273455	-0.7883349410093378	-0.28867513459481287	1.5539318674265232	0.5625156954113623	-0.2806861780474733	-0.4454306735444772	-0.23506481411234767	-0.4496929340481381	-0.7885696980399725	-0.29205807816015195	1.6324364357156087	0.4215577102663576	-0.26973020615956167	-0.44742109912702155	-0.23770309052583158	-0.4932004547422745	-0.7691520975351392	-0.2825892631565217	0.9160303467764828	0.3867007840407382	-0.2909657560606455	-0.44384385821948374	-0.2378103240883309	-0.4831839878620295	-0.7745597734018443	-0.29198618203913607	0.9775421598246402	0.43641558965648397	-0.29256362863374674	-0.4461711221974127	-0.23872099389340298	-0.49608169624956905	-0.7745525827354459	-0.2919505662400931	0.9775958373376217	0.4382359936794943	-0.292595120903631	-0.44616383702376206	-0.2387285732104141	-0.44516117465164395	-0.600720352595971	-0.2913031706283434	0.5506028398634483	0.19381160825092283	-0.281360099633724	-0.3635788342818094	-0.23773511484448262	-0.3133752923341253	-0.6603503991016068	-0.26712498840272114	1.3273433253254032	0.2502838556880423	-0.24747190690442347	-0.3888888888888889	-0.23914335132647974
P3S1T1	2.7960610784249234	4.4499189007168	0	0	0	0	4.4499189007168	0	2.7960610784249234	0	-0.3537483143924414	-0.6769903153183149	-0.568566663745808	-0.4319311854350321	-0.4350424088726999	-0.49547691091255774	-0.46805200376796713	-0.39343407456273455	-0.7883349410093378	-0.28867513459481287	-0.7529360594747071	0.5625156954113623	-0.2806861780474733	0.9770737355169178	-0.23506481411234767	-0.4496929340481381	-0.7885696980399725	-0.29205807816015195	-0.8099556739867725	0.1325524069846215	-0.26973020615956167	1.1773189295567899	-0.23770309052583158	-0.4932004547422745	-0.7691520975351392	-0.2825892631565217	-0.7894310823012116	0.06443278205147164	-0.2909657560606455	1.9779203236963814	-0.2378103240883309	-0.4831839878620295	-0.7745597734018443	-0.29198618203913607	-0.7934050732510403	0.2786486149856881	-0.29256362863374674	1.4128109934359598	-0.23872099389340298	-0.49608169624956905	-0.7745525827354459	-0.2919505662400931	-0.7934486396698294	0.28047103595487644	-0.292595120903631	1.4124668622876613	-0.2387285732104141	-0.44516117465164395	-0.600720352595971	-0.2913031706283434	-0.6065446978768527	-0.012268598650287288	-0.281360099633724	0.6843333839395085	-0.23773511484448262	-0.3133752923341253	-0.6603503991016068	-0.26712498840272114	-0.5968590791731679	0.5409360751967365	-0.24747190690442347	0.27777777777777773	-0.23914335132647974
P3S1T2	0	4.61512051684126	0	0	0	2.162172939277301	4.535927283245931	0	0	0	-0.8665779424815504	-0.9122589303165014	-1.0932218693632916	-0.9764085949963213	-0.9797533335711038	-0.8495075289355859	-0.7695114151813912	-0.39343407456273455	-0.7883349410093378	-0.28867513459481287	2.0482607089053584	-0.18750523180378734	-0.2806861780474733	-0.4454306735444772	-0.23506481411234767	-0.4496929340481381	-0.7885696980399725	-0.29205807816015195	1.4445601195846562	-0.296336741721151	-0.26973020615956167	-0.44742109912702155	-0.23770309052583158	-0.4932004547422745	-0.7691520975351392	-0.2825892631565217	1.514756167622907	-0.3927381044914413	-0.2909657560606455	-0.44384385821948374	-0.2378103240883309	-0.4831839878620295	-0.7745597734018443	-0.29198618203913607	1.2105615325977561	-0.249119478853522	-0.29256362863374674	-0.4461711221974127	-0.23872099389340298	-0.49608169624956905	-0.7745525827354459	-0.2919505662400931	1.2124922627091361	-0.24916846497776945	-0.292595120903631	-0.44616383702376206	-0.2387285732104141	-0.44516117465164395	-0.600720352595971	-0.2913031706283434	0.8921311481242707	-0.5458518573639837	-0.281360099633724	-0.3635788342818094	-0.23773511484448262	-0.3133752923341253	-0.6603503991016068	-0.26712498840272114	2.610144928324451	-0.6216728028380406	-0.24747190690442347	-0.3888888888888889	-0.23914335132647974
P3S1T3	0	4.61512051684126	0	0	0	2.953868069455292	4.416669578117421	0	0	0	-0.27835569893830253	-0.5634215060498436	-0.01913915455089526	-0.07756009179280457	-0.08051933277340759	-0.3266077976279374	-0.5238415909099097	-0.39343407456273455	-0.7883349410093378	-0.28867513459481287	2.0482607089053584	0.28125784770568113	-0.2806861780474733	-0.4454306735444772	-0.23506481411234767	-0.4496929340481381	-0.7885696980399725	-0.29205807816015195	1.3506219615191801	0.11407718211729607	-0.26973020615956167	-0.44742109912702155	-0.23770309052583158	-0.4932004547422745	-0.7691520975351392	-0.2825892631565217	1.8050474746999616	0.32674394646133975	-0.2909657560606455	-0.44384385821948374	-0.2378103240883309	-0.4831839878620295	-0.7745597734018443	-0.29198618203913607	1.8816573261843295	0.2824049715254689	-0.29256362863374674	-0.4461711221974127	-0.23872099389340298	-0.49608169624956905	-0.7745525827354459	-0.2919505662400931	1.8836249066277493	0.28422734447212916	-0.292595120903631	-0.44616383702376206	-0.2387285732104141	-0.44516117465164395	-0.600720352595971	-0.2913031706283434	2.138089106368342	-0.12063002199740235	-0.281360099633724	-0.3635788342818094	-0.23773511484448262	-0.3133752923341253	-0.6603503991016068	-0.26712498840272114	2.289444527574689	-0.040368363820652044	-0.24747190690442347	-0.3888888888888889	-0.23914335132647974
P3S2T1	0	4.61512051684126	0	0	0	3.6506582412937387	4.151039905898646	0	0	0	-0.3886390444463614	-0.7486889118311919	0.2626457986423571	0.10862724085206307	0.1057478517803696	-0.00437459586865291	-0.531375014380311	-0.39343407456273455	-0.7883349410093378	-0.28867513459481287	1.3067674466871053	0.18750523180378761	-0.2806861780474733	-0.4454306735444772	-0.23506481411234767	-0.4496929340481381	-0.7885696980399725	-0.29205807816015195	1.224744829711442	-0.11290415196698975	-0.26973020615956167	-0.44742109912702155	-0.23770309052583158	-0.4932004547422745	-0.7691520975351392	-0.2825892631565217	1.2897804046381902	0.7539364142145533	-0.2909657560606455	-0.44384385821948374	-0.2378103240883309	-0.4831839878620295	-0.7745597734018443	-0.29198618203913607	1.1956482927402767	0.6749442299325682	-0.29256362863374674	-0.4461711221974127	-0.23872099389340298	-0.49608169624956905	-0.7745525827354459	-0.2919505662400931	1.1938496892669526	0.6748834302664212	-0.292595120903631	-0.44616383702376206	-0.2387285732104141	-0.44516117465164395	-0.600720352595971	-0.2913031706283434	1.0514674907927999	0.6214522253886451	-0.281360099633724	-0.3635788342818094	-0.23773511484448262	-0.3133752923341253	-0.6603503991016068	-0.26712498840272114	1.3273433253254032	-0.040368363820652044	-0.24747190690442347	-0.3888888888888889	-0.23914335132647974
P3S2T2	2.494031557565001	4.4985867005853075	0	0	0	3.5360196074696004	4.0353020215883175	0	2.494031557565001	0	-0.23189022657507702	-0.6521456039089563	0.5159919008381384	0.28335583586962537	0.2805513842904833	0.4248552485110504	-0.39866833631996207	-0.39343407456273455	-0.7883349410093378	-0.28867513459481287	0.40049790397590807	0.9375261590189375	-0.2806861780474733	3.3048082230719276	-0.23506481411234767	-0.4496929340481381	-0.7885696980399725	-0.29205807816015195	0.6930548550608466	0.44135259405277766	-0.26973020615956167	1.2628315626454116	-0.23770309052583158	-0.4932004547422745	-0.7691520975351392	-0.2825892631565217	0.5277657235609224	1.4209562322853606	-0.2909657560606455	3.71527288898385	-0.2378103240883309	-0.4831839878620295	-0.7745597734018443	-0.29198618203913607	0.5059109493318537	1.1895650758825453	-0.29256362863374674	3.7157291366832723	-0.23872099389340298	-0.49608169624956905	-0.7745525827354459	-0.2919505662400931	0.5040744719061558	1.1894976971300557	-0.292595120903631	3.7149496688973347	-0.2387285732104141	-0.44516117465164395	-0.600720352595971	-0.2913031706283434	0.04255499315805652	1.7955288971004681	-0.281360099633724	4.86769368560721	-0.23773511484448262	-0.3133752923341253	-0.6603503991016068	-0.26712498840272114	0.04454172232635577	1.1222405142141252	-0.24747190690442347	4.277777777777779	-0.23914335132647974
P3S2T3	3.816392774412896	4.0353020215883175	0	2.494031557565001	0	3.1450139762697455	3.5360196074696004	0	3.5360196074696004	0	-0.45199995901205325	-0.8487428854960544	-0.12141220555588497	-0.3219674177117351	-0.3250314799562172	-0.09012184037752767	-0.31493432673083366	-0.39343407456273455	-0.1937806558905635	-0.28867513459481287	2.213036989398303	0.8437735431170438	-0.2806861780474733	0.5891179875910828	-0.23506481411234767	-0.4496929340481381	0.0891191782031476	-0.29205807816015195	1.9612199889447754	0.041495941567088336	-0.26973020615956167	0.8079043546139444	-0.23770309052583158	-0.4932004547422745	-0.19561657873397018	-0.2825892631565217	2.204198021930911	1.1061828349935192	-0.2909657560606455	0.8986558513208328	-0.2378103240883309	-0.4831839878620295	-0.1846927646727352	-0.29198618203913607	2.086714374224672	0.8571275221119397	-0.29256362863374674	0.946678164441323	-0.23872099389340298	-0.49608169624956905	-0.18462536880435876	-0.2919505662400931	2.084964699803333	0.855186239094556	-0.292595120903631	0.9464221496244982	-0.2387285732104141	-0.44516117465164395	-0.47082631137563347	-0.2913031706283434	2.4554557561097567	1.4539969110153645	-0.281360099633724	0.22846196697317248	-0.23773511484448262	-0.3133752923341253	-0.49972462634716186	-0.26712498840272114	2.610144928324451	1.703544953231514	-0.24747190690442347	0.27777777777777773	-0.23914335132647974
P4S1T1	3.9318256327243257	3.9318256327243257	0	0	0	3.258096538021482	3.258096538021482	0	3.9318256327243257	0	-0.8100751066724469	-0.4801229825202454	-0.8972387474974584	-0.8661545322156765	-0.8694519850957073	-0.7348243359777784	-0.8153270053391108	-0.39343407456273455	-0.7883349410093378	-0.28867513459481287	1.3067674466871053	-0.18750523180378734	-0.2806861780474733	1.4943480660846977	-0.23506481411234767	-0.4496929340481381	-0.7885696980399725	-0.29205807816015195	2.290003542173942	0.3489764697161498	-0.26973020615956167	3.058596857506467	-0.23770309052583158	-0.4932004547422745	-0.7691520975351392	-0.2825892631565217	1.1337488270842733	0.31175473706649015	-0.2909657560606455	0.9776264224702634	-0.2378103240883309	-0.4831839878620295	-0.7745597734018443	-0.29198618203913607	1.163957658043133	0.35941028059097646	-0.29256362863374674	1.1603223777305316	-0.23872099389340298	-0.49608169624956905	-0.7745525827354459	-0.2919505662400931	1.1640215717594586	0.35935351481718536	-0.292595120903631	1.1572519005911672	-0.2387285732104141	-0.44516117465164395	-0.600720352595971	-0.2913031706283434	0.8229112615551558	0.2905628790965613	-0.281360099633724	0.4664623690776752	-0.23773511484448262	-0.3133752923341253	-0.6603503991016068	-0.26712498840272114	1.0066429245756414	-0.6216728028380406	-0.24747190690442347	0.9444444444444444	-0.23914335132647974
P4S1T2	2.494031557565001	4.4985867005853075	0	0	0	2.494031557565001	4.36665915754276	0	2.494031557565001	0	-0.3652259298782454	-1.0593828300536596	0.4131847869036184	0.5369575979685496	0.5342619109574303	0.5214291838190691	-0.49360344405541284	-0.39343407456273455	-0.7883349410093378	-0.28867513459481287	1.2243793064406328	0.37501046360757495	-0.2806861780474733	2.399578144578313	-0.23506481411234767	-0.4496929340481381	-0.7885696980399725	-0.29205807816015195	1.0688074873227515	-0.3953111606532523	-0.26973020615956167	1.2628315626454116	-0.23770309052583158	-0.4932004547422745	-0.7691520975351392	-0.2825892631565217	2.4037732955463866	0.7014741813325798	-0.2909657560606455	2.293802608294103	-0.2378103240883309	-0.4831839878620295	-0.7745597734018443	-0.29198618203913607	2.5993569943255266	0.819563956714131	-0.29256362863374674	2.1619530400344833	-0.23872099389340298	-0.49608169624956905	-0.7745525827354459	-0.2919505662400931	2.599499726807603	0.8213794624392805	-0.292595120903631	2.161467293353459	-0.2387285732104141	-0.44516117465164395	-0.600720352595971	-0.2913031706283434	3.6406830591563972	1.0181324358557626	-0.281360099633724	1.690802746072978	-0.23773511484448262	-0.3133752923341253	-0.6603503991016068	-0.26712498840272114	1.0066429245756414	0.2502838556880423	-0.24747190690442347	2.2777777777777777	-0.23914335132647974
P4S1T3	0	4.61512051684126	0	0	0	3.4585224482814247	4.251775570170929	0	0	0	-1.120062301508453	-1.013366103704152	-0.5278957175739097	-0.5709244588930965	-0.574095293680546	-0.6387142754923545	-0.9584852223287801	-0.39343407456273455	-0.7883349410093378	-0.28867513459481287	0.40049790397590807	-0.28125784770568113	-0.2806861780474733	-0.4454306735444772	-0.23506481411234767	-0.4496929340481381	-0.7885696980399725	-0.29205807816015195	0.5991166969953704	-0.31217264875028705	-0.26973020615956167	-0.44742109912702155	-0.23770309052583158	-0.4932004547422745	-0.7691520975351392	-0.2825892631565217	0.8978871400841669	0.0981585031898832	-0.2909657560606455	-0.44384385821948374	-0.2378103240883309	-0.4831839878620295	-0.7745597734018443	-0.29198618203913607	0.9439873701453115	0.07580536183752197	-0.29256362863374674	-0.4461711221974127	-0.23872099389340298	-0.49608169624956905	-0.7745525827354459	-0.2919505662400931	0.944039205141691	0.07387406750597209	-0.292595120903631	-0.44616383702376206	-0.2387285732104141	-0.44516117465164395	-0.600720352595971	-0.2913031706283434	0.5610511246285977	-0.262854390140491	-0.281360099633724	-0.3635788342818094	-0.23773511484448262	-0.3133752923341253	-0.6603503991016068	-0.26712498840272114	0.04454172232635577	-0.6216728028380406	-0.24747190690442347	-0.3888888888888889	-0.23914335132647974
P4S2T1	0	4.61512051684126	0	0	0	0	4.61512051684126	0	0	0	-0.08797232459705387	-0.3783136759840696	0.39849805634154417	0.5460148037577968	0.5433230011955354	0.2622728329262042	-0.43722089187490104	-0.39343407456273455	-0.7883349410093378	-0.28867513459481287	-0.7529360594747071	0.6562683113132561	-0.2806861780474733	-0.4454306735444772	-0.23506481411234767	-0.4496929340481381	-0.7885696980399725	-0.29205807816015195	-0.8099556739867725	0.29091147727598377	-0.26973020615956167	-0.44742109912702155	-0.23770309052583158	-0.4932004547422745	-0.7691520975351392	-0.2825892631565217	-0.7894310823012116	0.7464418095171287	-0.2909657560606455	-0.44384385821948374	-0.2378103240883309	-0.4831839878620295	-0.7745597734018443	-0.29198618203913607	-0.7934050732510403	0.8477366307624874	-0.29256362863374674	-0.4461711221974127	-0.23872099389340298	-0.49608169624956905	-0.7745525827354459	-0.2919505662400931	-0.7934486396698294	0.8476736220600503	-0.292595120903631	-0.44616383702376206	-0.2387285732104141	-0.44516117465164395	-0.600720352595971	-0.2913031706283434	-0.6065446978768527	0.6906293840432766	-0.281360099633724	-0.3635788342818094	-0.23773511484448262	-0.3133752923341253	-0.6603503991016068	-0.26712498840272114	-0.5968590791731679	0.2502838556880423	-0.24747190690442347	-0.3888888888888889	-0.23914335132647974
P4S2T2	3.3203487937988347	4.308514638737202	0	2.6623552418400807	0	3.9950765605634317	3.044522437723423	0	2.6623552418400807	0	-0.7347563076041691	-0.6760181309588182	-0.4868180619402931	-0.6311200419847093	-0.6343166934168762	-0.5062802364435636	-0.7204130249103684	-0.39343407456273455	0.6385953432757204	-0.28867513459481287	0.2357216234829629	0.7500209272151499	-0.2806861780474733	1.6236666487266427	-0.23506481411234767	-0.4496929340481381	0.3760559262057061	-0.29205807816015195	0.809538171062037	0.5244911059557429	-0.26973020615956167	2.7165463251519797	-0.23770309052583158	-0.4932004547422745	0.9207293417897339	-0.2825892631565217	0.3499622979762267	1.1923707890139041	-0.2909657560606455	1.398802801933892	-0.2378103240883309	-0.4831839878620295	0.9019043566703604	-0.29198618203913607	0.3791484105432787	0.8383457394130351	-0.29256362863374674	1.4266839942988956	-0.23872099389340298	-0.49608169624956905	0.9020826568581702	-0.2919505662400931	0.3810334871877434	0.8364046965082917	-0.292595120903631	1.4291113163113456	-0.2387285732104141	-0.44516117465164395	0.5031754021010049	-0.2913031706283434	-0.060621818897794257	0.9189623832389834	-0.281360099633724	0.8133982786130945	-0.23773511484448262	-0.3133752923341253	0.1427784646706177	-0.26712498840272114	-0.2761586784234061	0.2502838556880423	-0.24747190690442347	0.9444444444444444	-0.23914335132647974
P4S2T3	4.2626798770413155	3.4339872044851463	0	3.713572066704308	0	3.044522437723423	2.3978952727983707	0	3.4339872044851463	0	0.23732446266797738	-0.49276137919370167	-0.24360580383234273	-0.04964743031503318	-0.05259470013051941	-0.12809211167315157	-0.10979813248687444	-0.39343407456273455	0.44041058156946244	-0.28867513459481287	1.6363200076729953	1.687547086234087	-0.2806861780474733	2.528896727220258	-0.23506481411234767	-0.4496929340481381	0.3760559262057061	-0.29205807816015195	0.5991166969953704	0.48094236162561826	-0.26973020615956167	2.689182282563621	-0.23770309052583158	-0.4932004547422745	0.3943056691758037	-0.2825892631565217	0.680168659776376	2.0055353986844953	-0.2909657560606455	1.6093909916657063	-0.2378103240883309	-0.4831839878620295	0.44139414810114375	-0.29198618203913607	0.6979189124969012	2.384086455532857	-0.29256362863374674	2.114784837100502	-0.23872099389340298	-0.49608169624956905	0.4425604060065865	-0.2919505662400931	0.6979572357048662	2.3840038056164485	-0.292595120903631	2.1170820826236336	-0.2387285732104141	-0.44516117465164395	0.06035480703167199	-0.2913031706283434	0.22931808333510292	3.240992883534308	-0.281360099633724	1.7926337638888348	-0.23773511484448262	-0.3133752923341253	0.06246557829339519	-0.26712498840272114	1.6480437260751652	1.703544953231514	-0.24747190690442347	2.2777777777777777	-0.23914335132647974
P5S1T1	4.61512051684126	0	4.4985867005853075	2.494031557565001	0	0	0	0	0	0	0.91204545017670835	1.5946804713721654	0.17819709791042998	0.20244479748568284	0.19960564483007637	-0.10897047248216377	0.8325203533266601	0.9285044159680533	0.9556909620057334	-0.28867513459481287	-0.7529360594747071	-1.687547086234087	-0.2806861780474733	-0.4454306735444772	-0.23506481411234767	1.3771464750972153	0.7642644676209323	-0.29205807816015195	-0.8099556739867725	-1.4985460170164084	-0.26973020615956167	-0.44742109912702155	-0.23770309052583158	1.7482595100115768	0.5622696425390032	-0.2825892631565217	-0.7894310823012116	-1.6668209030536574	-0.2909657560606455	-0.44384385821948374	-0.2378103240883309	1.7405761779100941	0.5397053162226618	-0.29198618203913607	-0.7934050732510403	-1.6727786074304658	-0.29256362863374674	-0.4461711221974127	-0.23872099389340298	1.712970198743392	0.5398466483039939	-0.2919505662400931	-0.7934486396698294	-1.6728093930165835	-0.292595120903631	-0.44616383702376206	-0.2387285732104141	1.3442272078426991	0.044067152960156356	-0.2913031706283434	-0.6065446978768527	-1.1906990775501642	-0.281360099633724	-0.3635788342818094	-0.23773511484448262	0.30026335541637955	0.5443428965567298	-0.26712498840272114	-0.5968590791731679	-1.2029772418554292	-0.24747190690442347	-0.3888888888888889	-0.23914335132647974
P5S1T2	3.9318256327243257	3.9318256327243257	3.5360196074696004	2.871868286331605	0	0	3.686125665917315	0	0	2.494031557565001	-0.15940216565232293	1.1347832590880609	-0.22921280788151005	-0.1541072037510185	-0.1570992742099998	-0.3283843030702248	-0.2402662718737188	0.5130380332298058	0.7971431526407271	-0.28867513459481287	-0.7529360594747071	0.46876307950946877	-0.2806861780474733	-0.4454306735444772	3.2267988119058635	1.1721304291811034	1.3718952280969385	-0.29205807816015195	-0.8099556739867725	1.8758218391086998	-0.26973020615956167	-0.44742109912702155	3.58252515006789	1.5342507696581942	0.4250307862544378	-0.2825892631565217	-0.7894310823012116	0.1243896196308701	-0.2909657560606455	-0.44384385821948374	4.48385648352218	1.6136618260173923	0.5293567722098705	-0.29198618203913607	-0.7934050732510403	0.14154160128368687	-0.29256362863374674	-0.4461711221974127	4.306772177027943	1.5886195953828612	0.5294970480595889	-0.2919505662400931	-0.7934486396698294	0.1414876208165225	-0.292595120903631	-0.44616383702376206	4.3046630473751355	1.3007697938930498	0.048749853505717054	-0.2913031706283434	-0.6065446978768527	-0.19899855138236958	-0.281360099633724	-0.3635788342818094	4.494814326811991	-0.07736042781470037	0.6246557829339523	-0.26712498840272114	-0.5968590791731679	0.2502838556880423	-0.24747190690442347	-0.3888888888888889	4.065436972550156
P5S1T3	0	4.61512051684126	0	0	0	0	4.00460218672124	0	0	3.8533340090794663	0.010360721550825675	0.4944918378751351	0.2001142189030638	0.1229968461907726	0.12012361994659417	-0.07804370732068887	0.125179950200755	-0.39343407456273455	-0.7883349410093378	-0.28867513459481287	-0.7529360594747071	1.8750523180378746	-0.2806861780474733	-0.4454306735444772	4.765404867913958	-0.4496929340481381	-0.7885696980399725	-0.29205807816015195	-0.8099556739867725	1.762331172066557	-0.26973020615956167	-0.44742109912702155	4.499379927810383	-0.4932004547422745	-0.7691520975351392	-0.2825892631565217	-0.7894310823012116	1.0911936255986694	-0.2909657560606455	-0.44384385821948374	3.6016945354810703	-0.4831839878620295	-0.7745597734018443	-0.29198618203913607	-0.7934050732510403	0.9303764746376662	-0.29256362863374674	-0.4461711221974127	3.809741615347759	-0.49608169624956905	-0.7745525827354459	-0.2919505662400931	-0.7934486396698294	0.9303124094396119	-0.292595120903631	-0.44616383702376206	3.812108441778945	-0.44516117465164395	-0.600720352595971	-0.2913031706283434	-0.6065446978768527	0.864781671565426	-0.281360099633724	-0.3635788342818094	3.5881795779004175	-0.3133752923341253	-0.6603503991016068	-0.26712498840272114	-0.5968590791731679	3.156806050774985	-0.24747190690442347	-0.3888888888888889	4.065436972550156
P5S2T1	2.2332350148592526	4.5290447955986	0	2.2332350148592526	0	3.258096538021482	4.2146429502441345	0	0	0	-0.30649472723280213	0.030678883031947244	-0.1405049552865817	-0.06459181986729112	-0.06754549902339298	-0.07257505033503685	-0.24777256333983072	-0.39343407456273455	2.1844364845845337	-0.28867513459481287	0.3181097637294355	0.18750523180378761	-0.2806861780474733	-0.4454306735444772	-0.23506481411234767	-0.4496929340481381	1.6419533438640523	-0.29205807816015195	1.4445601195846562	0.6379817729978859	-0.26973020615956167	-0.44742109912702155	-0.23770309052583158	-0.4932004547422745	1.7503075029128539	-0.2825892631565217	0.7345982798533237	0.21807217834868012	-0.2909657560606455	-0.44384385821948374	-0.2378103240883309	-0.4831839878620295	1.895364581898334	-0.29198618203913607	0.6979189124969012	0.30682128903404426	-0.29256362863374674	-0.4461711221974127	-0.23872099389340298	-0.49608169624956905	1.895644280321054	-0.2919505662400931	0.6979572357048662	0.30676519557564585	-0.292595120903631	-0.44616383702376206	-0.2387285732104141	-0.44516117465164395	2.0602751313379044	-0.2913031706283434	0.2195228163677753	0.06900246886004904	-0.281360099633724	-0.3635788342818094	-0.23773511484448262	-0.3133752923341253	2.8734166014961806	-0.26712498840272114	-0.2761586784234061	-0.040368363820652044	-0.24747190690442347	-0.3888888888888889	-0.23914335132647974
P5S2T2	0	4.61512051684126	0	0	0	0	4.61512051684126	0	0	0	0.3197068793517206	1.826384410385531	0.7869620797084083	0.6316808751810942	0.6290258130309476	0.4317824489947144	-0.0720919216771134	-0.39343407456273455	-0.7883349410093378	-0.28867513459481287	-0.7529360594747071	1.1250313908227245	-0.2806861780474733	-0.4454306735444772	-0.23506481411234767	-0.4496929340481381	-0.7885696980399725	-0.29205807816015195	-0.8099556739867725	2.5923966321771137	-0.26973020615956167	-0.44742109912702155	-0.23770309052583158	-0.4932004547422745	-0.7691520975351392	-0.2825892631565217	-0.7894310823012116	1.023742183321846	-0.2909657560606455	-0.44384385821948374	-0.2378103240883309	-0.4831839878620295	-0.7745597734018443	-0.29198618203913607	-0.7934050732510403	0.9078383353989812	-0.29256362863374674	-0.4461711221974127	-0.23872099389340298	-0.49608169624956905	-0.7745525827354459	-0.2919505662400931	-0.7934486396698294	0.9077745583360952	-0.292595120903631	-0.44616383702376206	-0.2387285732104141	-0.44516117465164395	-0.600720352595971	-0.2913031706283434	-0.6065446978768527	0.8734892859415334	-0.281360099633724	-0.3635788342818094	-0.23773511484448262	-0.3133752923341253	-0.6603503991016068	-0.26712498840272114	-0.5968590791731679	1.1222405142141252	-0.24747190690442347	-0.3888888888888889	-0.23914335132647974
P5S2T3	2.494031557565001	4.4985867005853075	0	2.494031557565001	0	2.494031557565001	4.36665915754276	0	0	0	0.33002452305970376	0.2325421632329854	0.04601652285176156	0.16108355771478672	0.15822666607606223	0.08113072506746126	-6.035099996587243e-4	-0.39343407456273455	1.11423877137074	-0.28867513459481287	0.07094534299001799	1.1250313908227245	-0.2806861780474733	-0.4454306735444772	-0.23506481411234767	-0.4496929340481381	1.3718952280969385	-0.29205807816015195	0.12942590666798948	0.9243477584414322	-0.26973020615956167	-0.44742109912702155	-0.23770309052583158	-0.4932004547422745	0.6442032880820274	-0.2825892631565217	-0.09998922799320761	0.6452646461018937	-0.2909657560606455	-0.44384385821948374	-0.2378103240883309	-0.4831839878620295	0.4879625961587049	-0.29198618203913607	0.036143893821252215	0.7801222130464321	-0.29256362863374674	-0.4461711221974127	-0.23872099389340298	-0.49608169624956905	0.48809864708196865	-0.2919505662400931	0.034281621163126746	0.7800600687494998	-0.292595120903631	-0.44616383702376206	-0.2387285732104141	-0.44516117465164395	-0.005813787633860502	-0.2913031706283434	-0.3525207745241568	0.7477126338422033	-0.281360099633724	-0.3635788342818094	-0.23773511484448262	-0.3133752923341253	0.7852815556883972	-0.26712498840272114	-0.2761586784234061	1.1222405142141252	-0.24747190690442347	-0.3888888888888889	-0.23914335132647974
P6S1T1	4.110873864173311	3.713572066704308	3.9318256327243257	2.3978952727983707	3.044522437723423	0	3.044522437723423	0	0	0	0.6354267768160086	1.181826180039259	-0.143148566787755	-0.2969091483614842	-0.2999624636307926	-0.31147017982558967	0.6022404887451566	1.3817404698643236	-0.2730545605730667	3.7527767497325675	-0.7529360594747071	0.09375261590189381	-0.2806861780474733	-0.4454306735444772	-0.23506481411234767	2.0519909595710835	0.021604649261369128	2.3364646252812156	-0.8099556739867725	0.3489764697161498	-0.26973020615956167	-0.44742109912702155	-0.23770309052583158	2.0673953508894285	0.09115118066661443	4.225993980840711	-0.7894310823012116	-0.1491634518251353	-0.2909657560606455	-0.44384385821948374	-0.2378103240883309	1.9668148051970844	0.07402083564704941	2.330559079764707	-0.7934050732510403	-0.16084510016867182	-0.29256362863374674	-0.4461711221974127	-0.23872099389340298	1.9397271813420074	0.0741146373057671	2.327073506881262	-0.7934486396698294	-0.15901706056370202	-0.292595120903631	-0.44616383702376206	-0.2387285732104141	1.8580817646797685	-0.33197406041596217	2.344993760979487	-0.6065446978768527	-0.4926386583988825	-0.281360099633724	-0.3635788342818094	-0.23773511484448262	0.6778871386474594	-0.5800375127243844	4.54112480284626	-0.5968590791731679	-0.040368363820652044	-0.24747190690442347	-0.3888888888888889	-0.23914335132647974
P6S1T2	4.61512051684126	0	4.61512051684126	0	0	0	0	0	0	0	0.9744804223583505	0.9164198498966768	0.3327015034234515	0.31173508067593364	0.3089428003698798	0.12003350177081651	1.6847340731406777	0.9662740871260759	-0.7883349410093378	-0.28867513459481287	-0.7529360594747071	-1.687547086234087	-0.2806861780474733	-0.4454306735444772	-0.23506481411234767	1.0025040578576538	-0.7885696980399725	-0.29205807816015195	-0.8099556739867725	-1.4985460170164084	-0.26973020615956167	-0.44742109912702155	-0.23770309052583158	1.879668385667163	-0.7691520975351392	-0.2825892631565217	-0.7894310823012116	-1.6668209030536574	-0.2909657560606455	-0.44384385821948374	-0.2378103240883309	1.8270250842717897	-0.7745597734018443	-0.29198618203913607	-0.7934050732510403	-1.6727786074304658	-0.29256362863374674	-0.4461711221974127	-0.23872099389340298	1.8007470952331788	-0.7745525827354459	-0.2919505662400931	-0.7934486396698294	-1.6728093930165835	-0.292595120903631	-0.44616383702376206	-0.2387285732104141	1.6519526795942698	-0.600720352595971	-0.2913031706283434	-0.6065446978768527	-1.1906990775501642	-0.281360099633724	-0.3635788342818094	-0.23773511484448262	0.5834811928396895	-0.6603503991016068	-0.26712498840272114	-0.5968590791731679	-1.2029772418554292	-0.24747190690442347	-0.3888888888888889	-0.23914335132647974
P6S1T3	4.61512051684126	0	2.6026896854443837	4.483002552013883	0	0	0	0	0	0	0.05065447804354166	-0.17996106152565805	-0.028151466486713347	-0.19365700236406538	-0.09133086089841934	-0.303436117904735	-0.22202625388238517	-0.16681604761459948	0.40077362922821075	-0.28867513459481287	-0.7529360594747071	-1.687547086234087	-0.2806861780474733	-0.4454306735444772	-0.23506481411234767	0.09945718894144709	0.291662765028483	-0.29205807816015195	-0.8099556739867725	-1.4985460170164084	-0.26973020615956167	-0.44742109912702155	-0.23770309052583158	0.6707067296357724	0.4598525856102231	-0.2825892631565217	-0.7894310823012116	-1.6668209030536574	-0.2909657560606455	-0.44384385821948374	-0.2378103240883309	0.08701092643851503	0.44553356570626024	-0.29198618203913607	-0.7934050732510403	-1.6727786074304658	-0.29256362863374674	-0.4461711221974127	-0.23872099389340298	0.637703216743507	0.4446303260554675	-0.2919505662400931	-0.7934486396698294	-1.6728093930165835	-0.292595120903631	-0.44616383702376206	-0.2387285732104141	-0.0017780998950870188	-0.011718062234784922	-0.2913031706283434	-0.6065446978768527	-1.1906990775501642	-0.281360099633724	-0.3635788342818094	-0.23773511484448262	-0.3133752923341253	-0.017847308083827212	-0.26712498840272114	-0.5968590791731679	-1.2029772418554292	-0.24747190690442347	-0.3888888888888889	-0.23914335132647974
P6S2T1	2.3978952727983707	4.51085950651685	2.3978952727983707	0	0	0	4.394449154672439	2.3978952727983707	0	0	-0.019822965130990338	0.24658482620349237	-0.7353175430505896	-0.7846396801124507	-0.78790217295276	-0.7453381145194279	0.5625454106321192	3.7989994239777647	-0.7883349410093378	-0.28867513459481287	-0.7529360594747071	-0.28125784770568113	4.577343826620334	-0.4454306735444772	-0.23506481411234767	3.21130788588243	-0.7885696980399725	-0.29205807816015195	-0.8099556739867725	0.11803615887458005	4.88313458132263	-0.44742109912702155	-0.23770309052583158	1.7595231279249128	-0.7691520975351392	-0.2825892631565217	-0.7894310823012116	-0.17539456826612204	4.094605059925896	-0.44384385821948374	-0.2378103240883309	2.3493971993084175	-0.7745597734018443	-0.29198618203913607	-0.7934050732510403	-0.2716576180922072	3.815633864074161	-0.4461711221974127	-0.23872099389340298	2.320093732797749	-0.7745525827354459	-0.2919505662400931	-0.7934486396698294	-0.2717063160812863	3.8144740073766936	-0.44616383702376206	-0.2387285732104141	2.2897195924229066	-0.600720352595971	-0.2913031706283434	-0.6065446978768527	-0.604386376225595	3.821231614851037	-0.3635788342818094	-0.23773511484448262	4.265313079342719	-0.6603503991016068	-0.26712498840272114	-0.5968590791731679	-0.6216728028380406	5.320645998445105	-0.3888888888888889	-0.23914335132647974
P6S2T2	2.871868286331605	4.43473767358655	2.2332350148592526	2.2332350148592526	2.2332350148592526	0	4.330733340286331	0	0	0	0.23637206478724004	-0.12203507677231656	-0.6251670638350327	-0.4495230659103012	-0.4526418341428662	-0.4657631697183338	0.5154545226942907	3.496842054713585	1.233149628394495	3.7527767497325675	-0.7529360594747071	0.09375261590189381	-0.2806861780474733	-0.4454306735444772	-0.23506481411234767	3.21130788588243	0.6292354097373754	3.8384775986762825	-0.8099556739867725	-0.10498619845242158	-0.26973020615956167	-0.44742109912702155	-0.23770309052583158	3.261338849703038	0.7671037563965636	1.6826906124320156	-0.7894310823012116	-0.21286759175324607	-0.2909657560606455	-0.44384385821948374	-0.2378103240883309	3.048345803934891	1.1088752369261883	3.844386019505136	-0.7934050732510403	-0.21155591345571342	-0.29256362863374674	-0.4461711221974127	-0.23872099389340298	3.014994163341892	1.109074661746271	3.845595607909278	-0.7934486396698294	-0.21160537980524136	-0.292595120903631	-0.44616383702376206	-0.2387285732104141	3.805443719504593	0.7234659234182546	4.0139492013253815	-0.6065446978768527	-0.5685884060127088	-0.281360099633724	-0.3635788342818094	-0.23773511484448262	3.604471458688328	1.0262202148200645	3.3390623550340144	-0.5968590791731679	-0.3310205833293464	-0.24747190690442347	-0.3888888888888889	-0.23914335132647974
P6S2T3	3.258096538021482	4.330733340286331	0	3.258096538021482	0	0	3.9318256327243257	3.258096538021482	0	0	0.4911384978843657	1.131272593345434	0.7649319838652971	0.4720476231456106	0.4693240975843426	0.4473297040532529	0.45425784505694083	-0.39343407456273455	1.748430008830766	-0.28867513459481287	-0.7529360594747071	0.46876307950946877	2.8284530249399236	-0.4454306735444772	-0.23506481411234767	-0.4496929340481381	2.4183704266945045	-0.29205807816015195	-0.8099556739867725	1.1077803481955935	2.592972453552767	-0.44742109912702155	-0.23770309052583158	-0.4932004547422745	1.9039330883060241	-0.2825892631565217	-0.7894310823012116	0.4766360404098356	3.124719206390411	-0.44384385821948374	-0.2378103240883309	-0.4831839878620295	1.5279912694442395	-0.29198618203913607	-0.7934050732510403	0.30494311076415387	3.4531458500116994	-0.4461711221974127	-0.23872099389340298	-0.49608169624956905	1.5271985116202345	-0.2919505662400931	-0.7934486396698294	0.30300888705839313	3.4520855548813714	-0.44616383702376206	-0.2387285732104141	-0.44516117465164395	1.44399102040693	-0.2913031706283434	-0.6065446978768527	0.035139524064075604	3.927662041120098	-0.3635788342818094	-0.23773511484448262	-0.3133752923341253	1.9096619649695115	-0.26712498840272114	-0.5968590791731679	0.2502838556880423	1.9797752552353878	-0.3888888888888889	-0.23914335132647974
